path,link,mb_trackTitle,tags,mode,vocal-only,tonic_secs,tonic_Hz,artist,region
CD 1/01. Les nuits damour,https://musicbrainz.org/recording/d64461bb-c41b-4396-a671-caf846205b34,Les nuits d'amour / Ô mon Commensal,"['mode: hijaz', 'rhythm: muhajjar misri (14/4)', 'rhythm: murabba misri (13/4)', 'tonic_secs: 0.9-1.6']",hijaz,False,0.9-1.6,135.23,Darwîsh Muhammad al-Harîrî,Egypt
CD 1/02. Mon amour ma quitté alors que je nai aucun tort,https://musicbrainz.org/recording/1f30773c-6699-484a-8f56-d9a2704f53cb,Mon amour m'a quitté alors que je n'ai aucun tort / Toi qui as la taille comme une branche,"['mode: hijaz', 'rhythm: muhajjar misri (14/4)', 'tonic_secs: 0.9-1.8']",hijaz,False,0.9-1.8,134.59,Darwîsh Muhammad al-Harîrî,Egypt
CD 1/03. Ô gazelle qui a fait honte aux faons,https://musicbrainz.org/recording/ce1c9cde-699d-4970-bd42-c200affa0872,"Ô Gazelle qui a fait honte aux faons / Emplis ma coupe, ô mon précieux amour","['mode: hijaz', 'rhythm: nawakht hindi (16/4)', 'tonic_secs: 1.1-1.7']",hijaz,False,1.1-1.7,135.49,Darwîsh Muhammad al-Harîrî,Egypt
"CD 1/04. Ô mon astre, fais circuler la coupe de vin",https://musicbrainz.org/recording/1c27d069-a791-42c1-9c4a-460c54383dc2,"Ô mon astre, fais circuler la coupe de vin / Celui qui a les membres graciles","['mode: hijaz', 'rhythm: mukhammas misri (16/4)', 'rhythm: samai thaqil (10/8)', 'tonic_secs: 0.8-1.8']",hijaz,False,0.8-1.8,136.13,Darwîsh Muhammad al-Harîrî,Egypt
CD 1/05. Très dédaigneux,https://musicbrainz.org/recording/86ffbd6e-9c6b-4c29-887b-2eed20e4d911,Très dédaigneux / Les vents de l'amour ont soufflé,"['mode: hijaz', 'rhythm: sittata ashara misri (32/4)']",hijaz,False,,,Darwîsh Muhammad al-Harîrî,Egypt
CD 1/06. Il ma quitté - laisse-moi donc,https://musicbrainz.org/recording/4703217e-e5b5-46fe-9926-e2ad5f23455c,Il m'a quitté : laisse moi donc / Ô Gazelle se pavanant,"['mode: hijaz', 'rhythm: masmudi (8/4)', 'rhythm: samai thaqil (10/8)']",hijaz,False,,,Darwîsh Muhammad al-Harîrî,Egypt
CD 1/07. Ô toi qui as les joues roses et douces,https://musicbrainz.org/recording/ca25296e-5df5-4f56-824f-041447dba5ef,"Ô toi qui a les joues roses et douces / Donne, ô mon astre / Le soleil de ma coupe / Gloire à celui qui a crée cet astre","['mode: hijaz', 'rhythm: nawakht misri (7/8)']",hijaz,False,,,Darwîsh Muhammad al-Harîrî,Egypt
CD 1/08. Il a circulé avec les coupes,https://musicbrainz.org/recording/bd15a679-3ded-4e5c-bb95-8e1cbd2c3860,Il a circulé avec les coupes,"['mode: hijaz', 'rhythm: murabba misri (13/4)']",hijaz,False,,,Darwîsh Muhammad al-Harîrî,Egypt
CD 1/09. Les tristesses sont passées,https://musicbrainz.org/recording/2271ee46-99d6-410f-9364-1274e7ee4c70,Les tristesses sont passées,"['mode: bayati', 'rhythm: shanbar misri (48/4)', 'tonic_secs: 0.9-1.8']",bayati,False,0.9-1.8,201.51,Darwîsh Muhammad al-Harîrî,Egypt
CD 1/10. Toi qui fais honte aux astres,https://musicbrainz.org/recording/82066976-d2e1-4f4b-88f6-1bd9656b947b,Toi qui fait honte aux astres / Emplis-moi les coupes / De taille élégante / Toi qui a de belles lèvres,"['mode: bayati', 'rhythm: samai thaqil (10/8)', 'tonic_secs: 1.1-2.3']",bayati,False,1.1-2.3,201.65,Darwîsh Muhammad al-Harîrî,Egypt
"CD 1/11. Moi, je nécoute pas le blâmeur",https://musicbrainz.org/recording/faa8ad28-6bf2-4908-97a6-3bfdd55bd090,"Moi, je n'écoute pas le blâmeur / Mon espoir est en ta vie / Ô croissant de lune","['mode: bayati', 'rhythm: masmudi (8/4)', 'tonic_secs: 1.5-2.1']",bayati,False,1.5-2.1,203.71,Darwîsh Muhammad al-Harîrî,Egypt
CD 1/12. Y-a-t-il une déchirure sur les voiles,https://musicbrainz.org/recording/3f34d595-4135-46da-ba8a-d26b22071a8a,Y-a-t-il une déchirure sur les voiles ? / Elle m'a quitté alors que je n'ai aucun tort,"['mode: bayati', 'rhythm: muhajjar misri (14/4)', 'tonic_secs: 1.0-2.3']",bayati,False,1.0-2.3,199.91,Darwîsh Muhammad al-Harîrî,Egypt
CD 1/13. La magie a cerné les yeux,https://musicbrainz.org/recording/8ce73b56-30ae-4314-ae55-621a53527dec,La magie a cerné les yeux / Par celui qui a enivré,"['mode: bayati', 'rhythm: masmudi (8/4)', 'rhythm: samai darij (3/4)', 'tonic_secs: 0.9-2.3']",bayati,False,0.9-2.3,200.90,Darwîsh Muhammad al-Harîrî,Egypt
CD 1/14. Baisse tes paupières,https://musicbrainz.org/recording/4cf54a59-ee90-4fb2-88cd-e67e5c963918,Baisse tes paupières / J'aime un astre,"['mode: saba', 'rhythm: awfar misri (19/4)', 'rhythm: samai thaqil (10/8)', 'tonic_secs: 1.0-2.0']",saba,False,1.0-2.0,202.04,Darwîsh Muhammad al-Harîrî,Egypt
CD 1/15. Le jour où tu me rendras visite,https://musicbrainz.org/recording/ef4aa746-0928-4470-ae4b-ff314897360b,Le jour où tu me rendras visite / Gloire à Dieu qui t'a rendu parfait / Le soucis par Hasard,"['mode: saba', 'rhythm: samai darij (3/4)', 'rhythm: samai sarband (3/8)', 'rhythm: samai thaqil (10/8)', 'tonic_secs: 0.8-1.8']",saba,False,0.8-1.8,203.89,Darwîsh Muhammad al-Harîrî,Egypt
CD 1/16. Toi qui as de belles paroles,https://musicbrainz.org/recording/012f6d72-4d78-44b5-8512-3204dd08d5a2,"Toi qui a de belles paroles / Seigneur, fais ce qu'il te plait","['mode: saba', 'rhythm: nawakht misri (7/4)', 'rhythm: shanbar misri (48/4)', 'tonic_secs: 0.9-1.9']",saba,False,0.9-1.9,201.83,Darwîsh Muhammad al-Harîrî,Egypt
CD 1/17. Gazelle du désert,https://musicbrainz.org/recording/2cfd6f79-a10b-424a-b227-1c158869ce60,Gazelle du désert / Il se leva et fit circuler les coupes,"['mode: rast', 'rhythm: muhajjar misri (14/4)', 'rhythm: shanbar misri (14/4)', 'tonic_secs: 0.9-1.3']",rast,False,0.9-1.3,119.52,Darwîsh Muhammad al-Harîrî,Egypt
"CD 1/18. Il apparut et, dans sa main",https://musicbrainz.org/recording/8beca646-a433-47bb-aede-af1cdbc4e4b8,Il apparut et dans sa main,"['mode: rast', 'rhythm: muhajjar misri (14/4)', 'tonic_secs: 0.9-1.4']",rast,False,0.9-1.4,119.92,Darwîsh Muhammad al-Harîrî,Egypt
CD 1/19. Pour lamour,https://musicbrainz.org/recording/b18cbbae-6cc0-44b1-a29e-9d5dd0597977,Pour l'amour / Celle dont tu étais amoureux,"['mode: rast', 'tonic_secs: 0.9-1.5']",rast,False,0.9-1.5,119.32,Darwîsh Muhammad al-Harîrî,Egypt
CD 1/20. Largent fut incrusté dhyacinthe,https://musicbrainz.org/recording/a9d0752e-0fee-4ab1-8bb6-84cf416f4ef1,L'argent fut incrusté d'hyacinthe / Toi qui te refuses à moi / Je me sacrifierais pour lui et le secourrais,"['mode: rast', 'rhythm: masmudi (8/8)', 'rhythm: samai thaqil (10/8)', 'tonic_secs: 0.9-1.4']",rast,False,0.9-1.4,118.69,Darwîsh Muhammad al-Harîrî,Egypt
CD 10/01. Nous nous prosternons,https://musicbrainz.org/recording/61bebb5b-867e-4701-84b4-06617d2529a1,Nous nous prosternons / Salut à Marie / Alléluia,['vocal-only'],NA,True,,,Mîkhâ'îl Jirjis al-Batânûnî,Egypt
CD 10/02. Salut à Marie,https://musicbrainz.org/recording/4c2da17a-08f1-4699-af31-fb7ae65b9a90,Salut à Marie / Bimâyro,['vocal-only'],NA,True,,,Mîkhâ'îl Jirjis al-Batânûnî,Egypt
CD 10/03. Je ef ez maroot,https://musicbrainz.org/recording/ac7648dd-ef0b-4998-910e-cff8d971b030,Je ef Ez Maro'ot / Je peniot / Tihirini,['vocal-only'],NA,True,,,Mîkhâ'îl Jirjis al-Batânûnî,Egypt
CD 10/04. Début de la messe - O namo tâyo namo,https://musicbrainz.org/recording/0b882da7-e468-49da-bbcb-d34c4c8f0c94,Début de la messe : o Namo Tâyo Namo,['vocal-only'],NA,True,,,Mîkhâ'îl Jirjis al-Batânûnî,Egypt
CD 10/05. Megalo,https://musicbrainz.org/recording/1dbc234d-78e6-4440-997a-5c19cd8733e2,Megalo,['vocal-only'],NA,True,,,Mîkhâ'îl Jirjis al-Batânûnî,Egypt
CD 10/06. Ehone,https://musicbrainz.org/recording/9b174e79-7879-466a-a1d3-9fc41a72e835,Ehone,['vocal-only'],NA,True,,,Mîkhâ'îl Jirjis al-Batânûnî,Egypt
CD 10/07. Agyos esheros,https://musicbrainz.org/recording/49f39450-91a3-420f-b0d7-b6af480f6443,Agyos Esheros / Tralmustos Avi,['vocal-only'],NA,True,,,Mîkhâ'îl Jirjis al-Batânûnî,Egypt
CD 10/08. Eprushte,https://musicbrainz.org/recording/e921acb8-9d1a-404a-b537-7c80958bea82,Eprushte,['vocal-only'],NA,True,,,Mîkhâ'îl Jirjis al-Batânûnî,Egypt
CD 10/09. Bénédiction des chérubins,https://musicbrainz.org/recording/c88633ff-3a0e-4e2f-b767-ff6e5afad254,Bénédiction des chérubins,['vocal-only'],NA,True,,,Mîkhâ'îl Jirjis al-Batânûnî,Egypt
CD 10/10. E bedim,https://musicbrainz.org/recording/6dced7c7-fb2a-4202-a7e5-3e795b88e8ce,E Bedim,['vocal-only'],NA,True,,,Mîkhâ'îl Jirjis al-Batânûnî,Egypt
CD 10/11. Fin de la messe,https://musicbrainz.org/recording/c99c0a4d-f598-4ff5-adb0-a44f1a15c8de,Fin de la messe,['vocal-only'],NA,True,,,Mîkhâ'îl Jirjis al-Batânûnî,Egypt
CD 10/12. Et av inhié askhâi,https://musicbrainz.org/recording/0719212f-8cde-4037-9e53-92db93c1af63,Et av inhié Askhâ'î / Tok Tatigon / Hen e'i Frân,['vocal-only'],NA,True,,,Mîkhâ'îl Jirjis al-Batânûnî,Egypt
CD 10/13. Psaume de la tristesse,https://musicbrainz.org/recording/c10abe79-af6c-46f9-9a33-9083e1a645db,Psaume de la tristesse / Ariba Mavi,['vocal-only'],NA,True,,,Mîkhâ'îl Jirjis al-Batânûnî,Egypt
CD 10/14. Obi et khen bi,https://musicbrainz.org/recording/310ecf56-d460-4624-be33-f3c902fcf6e7,Obi et Khen Bi / Omonogis / Golgotha,['vocal-only'],NA,True,,,Mîkhâ'îl Jirjis al-Batânûnî,Egypt
CD 10/15. Alléluia,https://musicbrainz.org/recording/37068359-dbc3-462d-8d74-5e25405d5507,Alléluia / Le christ est ressussité / Fi et é ouon,['vocal-only'],NA,True,,,Mîkhâ'îl Jirjis al-Batânûnî,Egypt
CD 10/16. Bi ovoini,https://musicbrainz.org/recording/620651da-0925-4bad-95ca-0df4a825353b,Bi Ovoini / Ton sin / Par l'esprit et l'intercesseur / Ondos,['vocal-only'],NA,True,,,Mîkhâ'îl Jirjis al-Batânûnî,Egypt
CD 10/17. Fi et shôb,https://musicbrainz.org/recording/9955a089-a458-4739-bb6d-a6da3b62933c,Fi et shôb / Pour l'amour de Dieu / Ha an Anchou / En Thok Gâr / Aki,['vocal-only'],NA,True,,,Mîkhâ'îl Jirjis al-Batânûnî,Egypt
CD 10/18. Tihi ni nak,https://musicbrainz.org/recording/daa0bc10-31e0-4027-9e00-6c1b2f67abfd,Tihi ni Nak / In iri Gâr / Beklaos Gâr / Ocoti je anon / Afnoti / Fi at Afgor,['vocal-only'],NA,True,,,Mîkhâ'îl Jirjis al-Batânûnî,Egypt
CD 11/01. Toi qui es beau comme Joseph,https://musicbrainz.org/recording/0c251af0-e287-4eaf-ae23-449b21adc765,Toi qui est beau comme Joseph,"['form: qasida', 'maqam: rast', 'rhythm: wahda baghdadiyya (4/4)', 'tonic_secs: 16.3-18.7']",rast,False,16.3-18.7,138.27,Ensemble de Muhammad Al-Qubbbânjî,Iraq
CD 11/02. Suite,https://musicbrainz.org/recording/5a75bab9-c171-4452-a835-aa19f6693b2f,Suite,"['form: qasida', 'maqam: rast', 'rhythm: wahda baghdadiyya (4/4)', 'tonic_secs: 8.0-9.0']",rast,False,8.0-9.0,138.74,Ensemble de Muhammad Al-Qubbbânjî,Iraq
CD 11/03. Suite,https://musicbrainz.org/recording/68abf28e-c906-4c72-b462-be8c2f213a66,Suite,"['form: qasida', 'maqam: rast', 'rhythm: wahda baghdadiyya (4/4)', 'tonic_secs: 52.8-53.3']",rast,False,52.8-53.3,138.81,Ensemble de Muhammad Al-Qubbbânjî,Iraq
"CD 11/04. Jamais on ne vit de beauté pareille, même chez les Shammar",https://musicbrainz.org/recording/1525d25a-f47a-4f6c-bc61-5c07da9574b2,"Jamais on ne vit de beauté pareille, même chez les shammar","['maqam: bayat', 'rhythm: yugrug (12/8)', 'tonic_secs: 22.4-23.8']",bayati,False,22.4-23.8,116.97,Ensemble de Muhammad Al-Qubbbânjî,Iraq
CD 11/05. Suite,https://musicbrainz.org/recording/293fecc2-7ca9-4d7d-a8e1-b3421fcb274b,Suite,"['maqam: bayat', 'rhythm: yugrug (12/8)', 'tonic_secs: 1.0-1.5']",bayati,False,1.0-1.5,117.48,Ensemble de Muhammad Al-Qubbbânjî,Iraq
"CD 11/06. Elles se sont enfuies, les nuits de bonheur",https://musicbrainz.org/recording/15148157-b932-4e97-8bad-b73edaa0bbe2,"Elles se sont enfuies, les nuits de bonheur","['form: mawwal', 'mode: ibrahimi', 'rhythm: samah (36/8)']",ibrahimi,False,,,Ensemble de Muhammad Al-Qubbbânjî,Iraq
CD 11/07. Suite,https://musicbrainz.org/recording/6f88af35-4680-4ce4-8532-453ae1379fe6,Suite,"['form: mawwal', 'mode: ibrahimi', 'rhythm: samah (36/8)']",ibrahimi,False,,,Ensemble de Muhammad Al-Qubbbânjî,Iraq
CD 11/08. Suite,https://musicbrainz.org/recording/040cb727-9aea-4e2f-b538-4c180d172f4c,Suite,"['form: mawwal', 'mode: ibrahimi', 'rhythm: samah (36/8)']",ibrahimi,False,,,Ensemble de Muhammad Al-Qubbbânjî,Iraq
CD 11/09. Suite,https://musicbrainz.org/recording/c4f07153-743f-4ca3-8f1f-bdc4652a51d0,Suite,"['form: mawwal', 'mode: ibrahimi', 'rhythm: samah (36/8)']",ibrahimi,False,,,Ensemble de Muhammad Al-Qubbbânjî,Iraq
CD 11/10. Suite,https://musicbrainz.org/recording/ff614d80-c741-4348-a81a-bc693c55ed33,Suite,"['form: mawwal', 'mode: ibrahimi', 'rhythm: samah (36/8)']",ibrahimi,False,,,Ensemble de Muhammad Al-Qubbbânjî,Iraq
CD 11/11. Suite,https://musicbrainz.org/recording/aebd18ba-1edf-4f86-9d80-d9002da1cce5,Suite,"['form: mawwal', 'mode: ibrahimi', 'rhythm: samah (36/8)']",ibrahimi,False,,,Ensemble de Muhammad Al-Qubbbânjî,Iraq
CD 11/12. Ce malheur est le mien,https://musicbrainz.org/recording/b46fb7d4-c854-49e1-8fda-967f99597674,Ce malheur est le mien,"['mode: bayat', 'rhythm: sengin samai', 'tonic_secs: 8.9-9.4']",bayati,False,8.9-9.4,117.50,Ensemble de Muhammad Al-Qubbbânjî,Iraq
"CD 11/13. Ne me crois pas dupe , Sois bon avec la créature de Dieu",https://musicbrainz.org/recording/ea4c6ab6-aca0-4a78-a11f-aaf223654aa0,Ne me crois pas dupe / Soit bon avec la créature de dieu,['mode: segah'],sikah,False,,,Ensemble de Muhammad Al-Qubbbânjî,Iraq
CD 11/14. Saisis-toi de la vie et profite des heures claires de lexistence,https://musicbrainz.org/recording/dd7e9e9c-2ace-424b-a945-a7985be0681f,Saisis-toi de la vie et profite des heures claires de l'existence,"['mode: lami', 'vocal-only']",lami,True,,,Ensemble de Muhammad Al-Qubbbânjî,Iraq
CD 11/15. Suite,https://musicbrainz.org/recording/c90dc19b-4dc6-48e0-835d-0194c14deede,Suite,"['mode: lami', 'vocal-only']",lami,True,,,Ensemble de Muhammad Al-Qubbbânjî,Iraq
CD 11/16. Comment un passionné peut-il triompher de ta froideur,https://musicbrainz.org/recording/b10309d5-426b-45a0-b879-e71d9b0ea671,Comment un passionné peut-il triompher de ta froideur ?,"['mode: mansuri', 'rhythm: samah (36/8)']",mansuri,False,,,Ensemble de Muhammad Al-Qubbbânjî,Iraq
CD 11/17. Suite,https://musicbrainz.org/recording/df1b4816-ac2d-45d8-926c-43708e4dfd14,Suite,"['mode: mansuri', 'rhythm: samah (36/8)']",mansuri,False,,,Ensemble de Muhammad Al-Qubbbânjî,Iraq
CD 11/18. Suite,https://musicbrainz.org/recording/53cfc086-65a1-486a-8cf0-d7d4d82c899d,Suite,"['mode: mansuri', 'rhythm: samah (36/8)']",mansuri,False,,,Ensemble de Muhammad Al-Qubbbânjî,Iraq
CD 11/19. Suite,https://musicbrainz.org/recording/b4282991-2ac7-4d17-bb0c-28c1e8fe6abb,Suite,"['mode: mansuri', 'rhythm: samah (36/8)']",mansuri,False,,,Ensemble de Muhammad Al-Qubbbânjî,Iraq
CD 11/20. Suite,https://musicbrainz.org/recording/e87d5f82-9952-436f-9952-0656e800462b,Suite,"['mode: mansuri', 'rhythm: samah (36/8)']",mansuri,False,,,Ensemble de Muhammad Al-Qubbbânjî,Iraq
CD 11/21. Suite,https://musicbrainz.org/recording/537dc9aa-dc01-41cc-9b56-1fa6eeac0913,Suite,"['mode: mansuri', 'rhythm: samah (36/8)']",mansuri,False,,,Ensemble de Muhammad Al-Qubbbânjî,Iraq
CD 12/01. Pourquoi [te] vois-je soucieux,https://musicbrainz.org/recording/c3861466-0383-440c-a19c-aac9e5a846e1,Pourquoi [te] vois-je soucieux ?,"['mode: mukhalif', 'rhythm: ay nawasi']",mukhalif,False,,,Ensemble de Muhammad Al-Qubbbânjî,Iraq
CD 12/02. Suite,https://musicbrainz.org/recording/2b23143f-7e48-4474-a343-3314d888bcb1,Suite,"['mode: mukhalif', 'rhythm: ay nawasi']",mukhalif,False,,,Ensemble de Muhammad Al-Qubbbânjî,Iraq
CD 12/03. Suite,https://musicbrainz.org/recording/24fee43e-ebe2-40cc-916b-8230e37fe0bc,Suite,"['mode: mukhalif', 'rhythm: ay nawasi']",mukhalif,False,,,Ensemble de Muhammad Al-Qubbbânjî,Iraq
CD 12/04. Suite,https://musicbrainz.org/recording/b3e91873-f6c8-4262-969e-ef98256a75e8,Suite,"['mode: mukhalif', 'rhythm: ay nawasi']",mukhalif,False,,,Ensemble de Muhammad Al-Qubbbânjî,Iraq
CD 12/05. Comment me salues-tu sans évoquer la mémoire de mes parents,https://musicbrainz.org/recording/72082dec-c45e-47bc-b533-99f05ab0cb2c,Comment me salues-tu sans évoquer la mémoire de mes parents ?,['mode: mukhalif'],mukhalif,False,,,Ensemble de Muhammad Al-Qubbbânjî,Iraq
CD 12/06. Suite,https://musicbrainz.org/recording/153ad5bc-157f-42a7-9aa8-c18a403d5e48,Suite,['mode: mukhalif'],mukhalif,False,,,Ensemble de Muhammad Al-Qubbbânjî,Iraq
CD 12/07. Japerçois les traces de leur campement et me morfonds de passion,https://musicbrainz.org/recording/d80c1ff1-62a8-48b2-948f-0fe8ffd8daf0,J'aperçois les traces de leur campement et me Morfonds de passion,"['mode: saba', 'tonic_secs: 31.0-33.0']",saba,False,31.0-33.0,116.72,Ensemble de Muhammad Al-Qubbbânjî,Iraq
CD 12/08. Suite,https://musicbrainz.org/recording/612a7f0f-489a-44c0-9a18-d70c30a91a15,Suite,"['mode: saba', 'tonic_secs: 0.9-5.9']",saba,False,0.9-5.9,116.77,Ensemble de Muhammad Al-Qubbbânjî,Iraq
"CD 12/09. Taqsîm, santûr",https://musicbrainz.org/recording/7ccd0468-804b-470e-a4fa-9ea4c3af20e1,"Taqsîm, santûr","['form: taqsim', 'instrumental-only', 'mode: awj']",awj,False,,,Ensemble de Muhammad Al-Qubbbânjî,Iraq
"CD 12/10. Taqsîm, jôza",https://musicbrainz.org/recording/93704dfb-130a-43dc-afd8-54f42cd94a37,"Taqsîm, Jôza","['form: taqsim', 'instrumental-only', 'mode: ushshaq']",ushshaq,False,,,Ensemble de Muhammad Al-Qubbbânjî,Iraq
"CD 12/11. Taqsîm, ûd",https://musicbrainz.org/recording/c4d66836-02b3-48f2-ab84-8195c3c3286d,"Taqsîm, 'ûd","['form: taqsim', 'instrumental-only', 'mode: lami']",lami,False,,,Ensemble de Muhammad Al-Qubbbânjî,Iraq
"CD 12/12. Taqsîm, qâbûn",https://musicbrainz.org/recording/ccedf162-46cc-47f6-af51-1b19134d0706,"Taqsîm, qânûn","['form: taqsim', 'instrumental-only', 'mode: banjgah']",banjgah,False,,,Ensemble de Muhammad Al-Qubbbânjî,Iraq
"CD 12/13. Neuf rythmes de lécole de Bagdad, duff zinjârî",https://musicbrainz.org/recording/a1416f07-3d03-4c92-b2fd-39bae0f98a67,"Neuf rythmes de l'école de Bagdad, Duff Zinjârî",['instrumental-only'],NA,False,,,Ensemble de Muhammad Al-Qubbbânjî,Iraq
"CD 12/14. Neuf rythmes de lécole de Bagdad, dumbakk",https://musicbrainz.org/recording/269ead2a-0075-4f63-aa21-3c3a772258e4,"Neuf rythmes de l'école de Bagdad, Dumbakk",['instrumental-only'],NA,False,,,Ensemble de Muhammad Al-Qubbbânjî,Iraq
CD 12/15. Depuis le jour de ton départ,https://musicbrainz.org/recording/ca80038d-9786-4fa0-89e4-54eff6c90154,Depuis le jour de ton départ,['mode: bherzawi'],bherzawi,False,,,Ensemble de Muhammad Al-Qubbbânjî,Iraq
CD 12/16. (Suite) Toi dont le front est plus beau que la pleine lune,https://musicbrainz.org/recording/b4cf4c47-0fbf-43da-bdc9-f8d59f16d478,(Suite) Toi dont le front est plus beau que la pleine lune,['mode: bherzawi'],bherzawi,False,,,Ensemble de Muhammad Al-Qubbbânjî,Iraq
CD 12/17. (Suite) Hormis les gens de passion,https://musicbrainz.org/recording/8005cb62-ed06-4f7a-a3bb-ed4e95e3abdd,(Suite) Hormis les gens de passion,['mode: bherzawi'],bherzawi,False,,,Ensemble de Muhammad Al-Qubbbânjî,Iraq
"CD 12/18. (Suite) Au-dessus de toi, le ciel",https://musicbrainz.org/recording/8169ef5f-0723-4754-b6f6-4904d886cbc8,"(Suite) Au-dessus de toi, le ciel",['mode: bherzawi'],bherzawi,False,,,Ensemble de Muhammad Al-Qubbbânjî,Iraq
"CD 12/19. Ami, ma tribu me bat froid",https://musicbrainz.org/recording/fae444f6-363d-45fc-95a1-3e46e3dd6970,"Ami, ma tribu me bat Froid",['rhythm: yugrug (12/8)'],NA,False,,,Ensemble de Muhammad Al-Qubbbânjî,Iraq
"CD 12/20. (Suite) Le luth est mon âme, ô chamelier",https://musicbrainz.org/recording/8c42a775-df8d-4daa-acfb-5c943b389d3d,"(Suite) Le Luth est mon âme, ô chamelier",['rhythm: yugrug (12/8)'],NA,False,,,Ensemble de Muhammad Al-Qubbbânjî,Iraq
CD 12/21. (Suite) Ô toi qui traverses la steppe,https://musicbrainz.org/recording/e2009386-0e31-40c5-826e-8b1d8cc8c335,(Suite) Ô toi qui traverses la steppe,['rhythm: yugrug (12/8)'],NA,False,,,Ensemble de Muhammad Al-Qubbbânjî,Iraq
CD 12/22. (Suite) Et les larmes de mes yeux,https://musicbrainz.org/recording/d95c37a5-97a0-43b6-9d06-23578ece62c9,(Suite) Et les larmes de mes yeux,['rhythm: yugrug (12/8)'],NA,False,,,Ensemble de Muhammad Al-Qubbbânjî,Iraq
CD 12/23. Purifie ton coeur avec des coupes de vin,https://musicbrainz.org/recording/64f625d3-e55d-4575-87d0-82bc8244250b,Purifie ton coeur avec des coupes de vin,"['mode: humayun', 'rhythm: free']",humayun,False,,,Ensemble de Muhammad Al-Qubbbânjî,Iraq
CD 12/24. Suite,https://musicbrainz.org/recording/34582524-7896-48df-823a-e252239e112d,Suite,"['mode: humayun', 'rhythm: free']",humayun,False,,,Ensemble de Muhammad Al-Qubbbânjî,Iraq
CD 13/01. Ensemble of Muhammad al-Qubbânjî and Azzûrî al-Awwâd - Toi aux paupières langoureuses,https://musicbrainz.org/recording/af84aeec-ecf3-493f-af60-613616e95f02,Toi aux paupières langoureuses,['mode: dukah'],dukah,False,,,Ensemble de Muhammad Al-Qubbbânjî,Iraq
CD 13/02. Ensemble of Muhammad al-Qubbânjî and Azzûrî al-Awwâd - Suite,https://musicbrainz.org/recording/52e8470c-b5f4-4f9a-87ad-649069a13032,Suite,['mode: dukah'],dukah,False,,,Ensemble de Muhammad Al-Qubbbânjî,Iraq
CD 13/03. Ensemble of Muhammad al-Qubbânjî and Azzûrî al-Awwâd - Suite,https://musicbrainz.org/recording/06f39b86-6e71-4f11-9463-3c0d53743395,Suite,['mode: dukah'],dukah,False,,,Ensemble de Muhammad Al-Qubbbânjî,Iraq
CD 13/04. Ensemble of Muhammad al-Qubbânjî and Azzûrî al-Awwâd - Suite,https://musicbrainz.org/recording/317190da-9ff2-4480-83ed-e29df1bb3779,Suite,['mode: dukah'],dukah,False,,,Ensemble de Muhammad Al-Qubbbânjî,Iraq
CD 13/05. Ensemble of Muhammad al-Qubbânjî and Azzûrî al-Awwâd - Cest comme si midi était la nuit,https://musicbrainz.org/recording/9fc77964-728b-4997-8eb3-589e7af01930,C'est comme si Midi était la nuit,"['form: qasida', 'mode: husayni', 'rhythm: free', 'tonic_secs: 130.0-132.0']",husayni,False,130.0-132.0,119.34,Ensemble de Muhammad Al-Qubbbânjî,Iraq
CD 13/06. Ensemble of Muhammad al-Qubbânjî and Azzûrî al-Awwâd - Suite,https://musicbrainz.org/recording/78999ffe-2e44-4790-b67a-7a54714ced98,Suite,"['form: qasida', 'mode: husayni', 'rhythm: free', 'tonic_secs: 121.8-123.9']",husayni,False,121.8-123.9,118.97,Ensemble de Muhammad Al-Qubbbânjî,Iraq
CD 13/07. Ensemble of Muhammad al-Qubbânjî and Azzûrî al-Awwâd - Suite,https://musicbrainz.org/recording/1fe279ab-eb35-4eb5-a629-d59ee46f96fb,Suite,"['form: qasida', 'mode: husayni', 'rhythm: free', 'tonic_secs: 152.3-155.0']",husayni,False,152.3-155.0,119.01,Ensemble de Muhammad Al-Qubbbânjî,Iraq
"CD 13/08. Ensemble of Muhammad al-Qubbânjî and Azzûrî al-Awwâd - Taqsîm, ûd",https://musicbrainz.org/recording/381ec606-b068-47e0-9017-6f6fd9424bf0,"Taqsîm, 'ûd","['form: taqsim', 'instrumental-only', 'mode: hakimi/huzam', 'rhythm: yugrug (12/8)']",hakimi/huzam,False,,,Ensemble de Muhammad Al-Qubbbânjî,Iraq
"CD 13/09. Ensemble of Muhammad al-Qubbânjî and Azzûrî al-Awwâd - Taqsîm, qânûn",https://musicbrainz.org/recording/092a71c9-10a9-4acd-991e-104272d22c06,"Taqsîm, qânûn","['form: taqsim', 'instrumental-only', 'mode1: hijaz divan', 'mode2: khan abat']","hijaz divan, khan abat",False,,,Ensemble de Muhammad Al-Qubbbânjî,Iraq
"CD 13/10. Ensemble of Muhammad al-Qubbânjî and Azzûrî al-Awwâd - Taqsîm mesuré, santûr",https://musicbrainz.org/recording/10f74914-b908-4fab-ba7e-8d48f5e36f0a,"Taqsîm mesuré, santûr","['form: taqsim', 'instrumental-only', 'mode1: tahir', 'mode2: hadidi']","tahir, hadidi",False,,,Ensemble de Muhammad Al-Qubbbânjî,Iraq
"CD 13/11. Ensemble of Muhammad al-Qubbânjî and Azzûrî al-Awwâd - Taqsîm mesuré, santûr",https://musicbrainz.org/recording/c1c6cde0-daca-4262-9c60-4c319751f959,"Taqsîm mesuré, santûr","['form: taqsim', 'instrumental-only', 'mode1: sikah', 'mode2: hulaylawi']","sikah, hulaylawi",False,,,Ensemble de Muhammad Al-Qubbbânjî,Iraq
"CD 13/12. Ensemble of Muhammad al-Qubbânjî and Azzûrî al-Awwâd - Taqsîm mesuré, santûr",https://musicbrainz.org/recording/4723b06f-dfbf-4b71-b5a5-489f6d302a63,"Taqsîm mesuré, santûr","['form: taqsim', 'instrumental-only', 'mode1: sikah', 'mode2: hulaylawi']","sikah, hulaylawi",False,,,Ensemble de Muhammad Al-Qubbbânjî,Iraq
"CD 13/13. Ensemble of Muhammad al-Qubbânjî and Azzûrî al-Awwâd - Taqsîm mesuré, jôza, dumbakk",https://musicbrainz.org/recording/732f5d44-e64e-4ee1-8e2c-1c875b965ccb,"Taqsîm mesuré, Jôza, Dumbakk","['form: taqsim', 'instrumental-only', 'mode1: jabburi', 'mode2: awshar']","jabburi, awshar",False,,,Ensemble de Muhammad Al-Qubbbânjî,Iraq
"CD 13/14. Ensemble of Muhammad al-Qubbânjî and Azzûrî al-Awwâd - Taqsîm mesuré, jôza, dumbakk",https://musicbrainz.org/recording/5d405983-6c03-4048-b162-e33aa6df1fc7,"Taqsîm mesuré, Jôza, Dumbakk","['form: taqsim', 'instrumental-only', 'mode1: nawa', 'mode2: rahat al-arwah']","nawa, rahat al-arwah",False,,,Ensemble de Muhammad Al-Qubbbânjî,Iraq
"CD 13/15. Fawzî al-Qaltaqjî - Taqsîm, qânûn",https://musicbrainz.org/recording/22ef2b6a-0211-4a79-be70-f4ed781a15af,"Taqsîm, qânûn","['instrumental-only', 'mode1: hicazkar', 'mode2: saba']","hicazkar, saba",False,,,Fawzî al-Qaltaqjî,Syria
"CD 13/16. Fawzî al-Qaltaqjî - Taqsîm, qânûn",https://musicbrainz.org/recording/8cd91410-d47f-4fef-849d-7fcc6e86bc97,"Taqsîm, qânûn","['instrumental-only', 'mode1: rast', 'mode2: segah', 'tonic_secs: 1.8-4.5']","rast, segah",False,1.8-4.5,140.94,Fawzî al-Qaltaqjî,Syria
CD 13/17. Mesut Cemil bey - Peçrev,https://musicbrainz.org/recording/c530a6ed-a097-4c1f-bbf8-de31d4908765,Peçrev,"['instrumental-only', 'mode: kurdili hicazkar']",kurdili hicazkar,False,,,Mesut Cemil Bey,Turkey
CD 13/18. Mesut Cemil bey - Suite,https://musicbrainz.org/recording/047de0aa-ce55-4ac3-88bb-ca4a650613c6,Suite,"['instrumental-only', 'mode: kurdili hicaz kar', 'rhythm: agir duyek (8/4)']",kurdili hicazkar,False,,,Mesut Cemil Bey,Turkey
CD 13/19. Mesut Cemil bey - Semai,https://musicbrainz.org/recording/8b329128-480f-4fb2-b9be-1f0bb44ac5fd,Semai,"['instrumental-only', 'mode: hicazkar']",hicazkar,False,,,Mesut Cemil Bey,Turkey
"CD 13/20. Mesut Cemil bey - Prélude, puis danse zeybek",https://musicbrainz.org/recording/c1b4d6e8-145b-4bd6-b386-e3d6d71d06ae,"Prélude, puis danse","['instrumental-only', 'rhythm: zeybekli (9/8)']",NA,False,,,Mesut Cemil Bey,Turkey
"CD 13/21. Mesut Cemil bey - Prélude, puis danse mandra",https://musicbrainz.org/recording/01a0a14a-30ef-4284-96ad-ad83f5b7a608,"Prélude, puis danse","['form1: taksim', 'form2: mandra', 'instrumental-only', 'rhythm1: free', 'rhythm2: devr-i turan']",NA,False,,,Mesut Cemil Bey,Turkey
CD 13/22. Mesut Cemil bey - Peuple oriental,https://musicbrainz.org/recording/6339373e-b766-415b-890a-eead1657e837,Peuple oriental,['instrumental-only'],NA,False,,,Mesut Cemil Bey,Turkey
CD 14/01. Nûba Raml al-ashiyya Mustakhbar al-sana,https://musicbrainz.org/recording/f08a9e54-231d-463a-9db8-ed14f18f8483,Nûba Raml al-'ashiyya / Tûshiya,"['instrumental-only', 'mode: raml al-ashiyya', 'rhythm: (4/4)']",raml al-ashiyya,False,,,L'ensemble d'Al-'Arabî Ben Sârî,Algeria
CD 14/02. Tûshiya,https://musicbrainz.org/recording/7660c1e8-fef6-456f-aa51-e5f58ac5d85c,Tûshiya,"['instrumental-only', 'mode: raml al-ashiyya', 'rhythm: (2/4)', 'rhythm: (4/4)']",raml al-ashiyya,False,,,L'ensemble d'Al-'Arabî Ben Sârî,Algeria
CD 14/03. Le soleil du crépuscule pâlit,https://musicbrainz.org/recording/00d52d26-79e6-4881-8ab0-1928f0a61700,Le soleil du crépuscule,"['mode: raml al-ashiyya', 'rhythm: msaddar (4/4)']",raml al-ashiyya,False,,,L'ensemble d'Al-'Arabî Ben Sârî,Algeria
CD 14/04. Suite,https://musicbrainz.org/recording/2cd43098-3bcc-4083-b1e1-f619ed89103f,Suite,"['mode: raml al-ashiyya', 'rhythm: qasid (4/4)']",raml al-ashiyya,False,,,L'ensemble d'Al-'Arabî Ben Sârî,Algeria
CD 14/05. Le mal damour a consumé mon coeur,https://musicbrainz.org/recording/9ce3ec6b-361d-4723-89bd-43d60c8ab6e4,Le mal d'amour a commencé mon coeur,"['mode: raml al-ashiyya', 'rhythm: btayhi (4/8)']",raml al-ashiyya,False,,,L'ensemble d'Al-'Arabî Ben Sârî,Algeria
CD 14/06. Suite,https://musicbrainz.org/recording/97741d3b-a931-43ca-97d8-23147b2351bf,Suite,"['mode: raml al-ashiyya', 'rhythm: btayhi (4/8)']",raml al-ashiyya,False,,,L'ensemble d'Al-'Arabî Ben Sârî,Algeria
CD 14/07. Que ton destin te soit toujours favorable,https://musicbrainz.org/recording/72ec9322-fdeb-4e1f-8abb-9590869049ba,Que ton destin te soit toujours favorable,"['mode: raml al-ashiyya', 'rhythm: darj (6/8)']",raml al-ashiyya,False,,,L'ensemble d'Al-'Arabî Ben Sârî,Algeria
CD 14/08. Suite,https://musicbrainz.org/recording/777a5ebd-57e6-46b8-936d-43391bd1be47,Suite,"['mode: raml al-ashiyya', 'rhythm: darj (6/8)']",raml al-ashiyya,False,,,L'ensemble d'Al-'Arabî Ben Sârî,Algeria
CD 14/09. Je taime,https://musicbrainz.org/recording/483593f8-20da-4da8-810d-e2a3759b8d9d,Je t'aime,"['mode: raml al-ashiyya', 'rhythm: insiraf (5/4)', 'rhythm: kursi (5/4)']",raml al-ashiyya,False,,,L'ensemble d'Al-'Arabî Ben Sârî,Algeria
CD 14/10. Suite,https://musicbrainz.org/recording/2e59af5c-e356-4408-91cd-bf6dc5929d52,Suite,"['mode: raml al-ashiyya', 'rhythm: insiraf (5/4)', 'rhythm: kursi (5/4)']",raml al-ashiyya,False,,,L'ensemble d'Al-'Arabî Ben Sârî,Algeria
CD 14/11. Ô gens de lAndalousie,https://musicbrainz.org/recording/a0df1e13-d55c-4ea9-aac5-ffb07408b02c,Ô gens de l'Andalousie,"['mode: iraq mahsur', 'mode: raml al-maya']",raml al-maya,False,,,L'ensemble d'Al-'Arabî Ben Sârî,Algeria
CD 14/12. Ô ami,https://musicbrainz.org/recording/ec065302-5a22-4caa-9c71-8341ff29653e,Ô ami,"['mode: raml al-ashiyya', 'rhythm: khlas (6/8)']",raml al-ashiyya,False,,,L'ensemble d'Al-'Arabî Ben Sârî,Algeria
CD 14/13. Sois prudent en laimant,https://musicbrainz.org/recording/2eeb97cc-e202-473e-b298-14c1b111d782,Sois prudent en l'aimant,"['mode: ghrib', 'rhythm: msaddar']",ghrib,False,,,L'ensemble d'Al-'Arabî Ben Sârî,Algeria
CD 14/14. Nous avons vécu dans le bonheur,https://musicbrainz.org/recording/06ffb23f-474f-4443-8350-384328041145,Nous avons vécu dans le bonheur,"['mode: raml al-maya', 'rhythm: msaddar (3/4)', 'rhythm: msaddar (4/8)']",raml al-maya,False,,,L'ensemble d'Al-'Arabî Ben Sârî,Algeria
CD 14/15. À qui sera le tour pour cette visite,https://musicbrainz.org/recording/a6dcc79f-331d-48ed-8c64-70973b350aab,À qui sera le tour pour cette visite ?,"['mode: maya', 'rhythm: insiraf (5/4)']",maya,False,,,L'ensemble d'Al-'Arabî Ben Sârî,Algeria
CD 14/16. Perle de rosée,https://musicbrainz.org/recording/fbc13c75-913d-423e-80e9-e965baa81f91,Perle de rosée,"['mode: rasd al-dhil', 'rhythm: btayhi']",rasd al-dhil,False,,,L'ensemble d'Al-'Arabî Ben Sârî,Algeria
CD 14/17. Toute terre revit par votre présence,https://musicbrainz.org/recording/c2495276-19f6-4798-934a-833fcace722f,Toute terre revit par votre présence,"['mode: zidan', 'rhythm: msaddar (4/4)']",zidan,False,,,L'ensemble d'Al-'Arabî Ben Sârî,Algeria
CD 14/18. L-ve-toi et vois les fleurs,https://musicbrainz.org/recording/9f66ffef-c47b-4722-89f7-9f9cf4cf88f6,Lève-toi et vois les fleurs,"['mode: mujannaba', 'rhythm: insiraf']",mujannaba,False,,,L'ensemble d'Al-'Arabî Ben Sârî,Algeria
CD 14/19. Les violettes embaument,https://musicbrainz.org/recording/807226e5-be14-4698-b1f7-7c5888f31d3f,Les violettes embaument,"['mode: sikah', 'rhythm: darj']",sikah,False,,,L'ensemble d'Al-'Arabî Ben Sârî,Algeria
CD 14/20. Les roses éclosent sur les joues,https://musicbrainz.org/recording/0b140f3e-78da-4253-bd20-511668e48b2b,Les roses éclosent sur les joues,"['mode: mazmum', 'rhythm: insiraf']",mazmum,False,,,L'ensemble d'Al-'Arabî Ben Sârî,Algeria
CD 15/01. Ensemble of al-Arabî Ben Sârî - Lève-toi et fais circuler les coupes,https://musicbrainz.org/recording/8d8c02e9-e461-4df8-9d7e-6034b6b8025e,Lève-toi et fais circuler les coupes,"['mode: husayni', 'rhythm: btayhi']",husayni,False,,145.17,L'ensemble d'Al-'Arabî Ben Sârî,Algeria
CD 15/02. Ensemble of al-Arabî Ben Sârî - Ô amoureux,https://musicbrainz.org/recording/c9eb1627-03fb-489a-93ce-e94e769e8d93,Ô amoureux,"['mode: rasd al-dhil', 'rhythm: btayhi']",rasd al-dhil,False,,,L'ensemble d'Al-'Arabî Ben Sârî,Algeria
"CD 15/03. Ensemble of al-Arabî Ben Sârî - Le printemps est arrivé, ô homme",https://musicbrainz.org/recording/f6092fa7-c8e2-4d87-9ec9-e18c05c8e6c7,"Le printemps est arrivé, ô homme","['mode: raml al-maya', 'rhythm: sufyan (7/8)']",raml al-maya,False,,,L'ensemble d'Al-'Arabî Ben Sârî,Algeria
CD 15/04. Ensemble of al-Arabî Ben Sârî - Console-toi de tes soucis,https://musicbrainz.org/recording/001de1e4-a002-428b-9613-4c26759219d9,Console-toi de tes soucis,"['mode: jaharkah', 'rhythm: inqlab (5/4)']",jaharkah,False,,,L'ensemble d'Al-'Arabî Ben Sârî,Algeria
CD 15/05. Ensemble of al-Arabî Ben Sârî - Pourquoi le nuage pleure-t-il,https://musicbrainz.org/recording/408a02eb-84d9-48ce-953d-1928dd12e097,Pourquoi le nuage pleure-t-il ?,"['mode: rasd', 'rhythm: msaddar (4/4)', 'rhythm: msaddar (4/8)', 'tonic_secs: 3.4-4.2']",rast,False,3.4-4.2,212.73,L'ensemble d'Al-'Arabî Ben Sârî,Algeria
"CD 15/06. Ensemble of al-Arabî Ben Sârî - Tlemcen, ô noble cité",https://musicbrainz.org/recording/129b1662-1ad5-4830-9db2-940d844bcb73,"Tlemcem, ô noble cité",['mode: raml al-maya'],raml al-maya,False,,,L'ensemble d'Al-'Arabî Ben Sârî,Algeria
CD 15/07. Ensemble of al-Arabî Ben Sârî - Ils ont monté contre moi les esprits,https://musicbrainz.org/recording/fb6b03c1-a872-4cb4-82f2-9fd8866d5f3d,Ils ont monté contre moi les esprits,"['mode: iraq', 'rhythm: insiraf (5/8)']",iraq,False,,,L'ensemble d'Al-'Arabî Ben Sârî,Algeria
CD 15/08. Ensemble of al-Arabî Ben Sârî - Tu mas meurtri sans raison,https://musicbrainz.org/recording/3c653ea8-45c0-444d-bcf9-2a6e47b1f83d,Tu m'as meurtri sans raison,['mode: raml al-maya'],raml al-maya,False,,,L'ensemble d'Al-'Arabî Ben Sârî,Algeria
CD 15/09. Ensemble of Umar Fâid al-Juaydî - Que la paix soit avec mes parents,https://musicbrainz.org/recording/513741ab-6741-4214-8464-36f3c8c2e03f,Que la paix soit avec mes parents,['rhythm: free'],NA,False,,,L'ensemble de 'Umar Fâ'id Al-Ju'aydî,Maroc
CD 15/10. Ensemble of Umar Fâid al-Juaydî - Toi au regard étincelant,https://musicbrainz.org/recording/25654b5d-be35-4c37-99ba-6fe02bd55681,Toi au regard étincelant,['rhythm: free'],NA,False,,,L'ensemble de 'Umar Fâ'id Al-Ju'aydî,Maroc
CD 15/11. Ensemble of Umar Fâid al-Juaydî - Le destin ma exaucé,https://musicbrainz.org/recording/70cfacce-1337-4478-b434-2b34069a9745,Le destin m'a exaucé / Le zéphyr a présagé votre venue,"['mode: zidan', 'rhythm: qaim wa-nisf (4/4)']",zidan,False,,,L'ensemble de 'Umar Fâ'id Al-Ju'aydî,Maroc
CD 15/12. Ensemble of Umar Fâid al-Juaydî - Vous êtes le refuge du mystique,https://musicbrainz.org/recording/8a1f8ae4-21e9-4461-8d3c-3ee40afa294c,"Vous êtes le refuge du mystique / Sans toi, je ne me serai pas consumé de passion","['mode: raml al-maya', 'rhythm: free', 'rhythm: qaim wa-nisf (8/4)']",raml al-maya,False,,,L'ensemble de 'Umar Fâ'id Al-Ju'aydî,Maroc
CD 15/13. Ensemble of Umar Fâid al-Juaydî - Ne trouble pas mon bonheur avec elle,https://musicbrainz.org/recording/954c8e74-f629-4b84-8b5b-fb4f1e5f7b40,Ne trouble pas mon bonheur avec elle / Ô soleil du crepuscule,['rhythm: free'],NA,False,,,L'ensemble de 'Umar Fâ'id Al-Ju'aydî,Maroc
CD 15/14. Ensemble of Umar Fâid al-Juaydî - Et je suis devenu amoureux,https://musicbrainz.org/recording/89157807-daef-4227-88ba-78f8557b6cbe,Et je suis devenu amoureux,['rhythm: free'],NA,False,,,L'ensemble de 'Umar Fâ'id Al-Ju'aydî,Maroc
CD 15/15. Ensemble of Umar Fâid al-Juaydî - Je nai plus de force,https://musicbrainz.org/recording/6fd88cbd-2216-416f-934d-8f45ed021070,Je n'ai plus de force,['rhythm: free'],NA,False,,,L'ensemble de 'Umar Fâ'id Al-Ju'aydî,Maroc
CD 15/16. Ensemble of Umar Fâid al-Juaydî - Que Dieu ne sépare point les amoureux,https://musicbrainz.org/recording/73d0914d-25eb-4d59-ae02-714672e2961e,Que Dieu ne sépare point les amoureux,['rhythm: free'],NA,False,,,L'ensemble de 'Umar Fâ'id Al-Ju'aydî,Maroc
CD 15/17. Ensemble of Umar Fâid al-Juaydî - Dieu lui révéla tous les secrets,https://musicbrainz.org/recording/bf7635bc-b7d6-4eb3-8063-22f961eded9d,Dieu lui révéla tous les secrets,['rhythm: free'],NA,False,,,L'ensemble de 'Umar Fâ'id Al-Ju'aydî,Maroc
CD 15/18. Ensemble of Umar Fâid al-Juaydî - Dieu leur fit apparaître,https://musicbrainz.org/recording/f0aae8b9-cfed-4185-8552-bac8bd3c4a1e,Dieu leur fit apparaître / Une lune parfaite,['rhythm: free'],NA,False,,,L'ensemble de 'Umar Fâ'id Al-Ju'aydî,Maroc
CD 15/19. Ensemble of Umar Fâid al-Juaydî - Ils tont dérobée aux regards passionnés,https://musicbrainz.org/recording/9a3b09ad-71d0-46ff-8e7f-94882aa8e30b,Ils t'ont dérobée aux regards passionnés / Ô compagnon qui m'a mis hors de moi,"['mode: sikah', 'rhythm: quddam (9/4)']",sikah,False,,,L'ensemble de 'Umar Fâ'id Al-Ju'aydî,Maroc
CD 15/20. Ensemble of Umar Fâid al-Juaydî - Jai passé ma vie à taimer,https://musicbrainz.org/recording/b3546a3f-f422-47c5-94e8-26a8ccb107f7,J'ai passé ma vie à t'aimer,"['form: qasida', 'mode: istihlal']",istihlal,False,,,L'ensemble de 'Umar Fâ'id Al-Ju'aydî,Maroc
CD 16/01. Mon coeur taime et ma passion est partagée,https://musicbrainz.org/recording/07e19780-9a1c-4852-8d9e-585e56c40d08,Mon coeur t'aime et ma passion est partagée,['mode: hijaz al-kabir'],hijaz al-kabir,False,,,L'ensemble de 'Umar Fâ'id Al-Ju'aydî,Maroc
CD 16/02. Tûshiya,https://musicbrainz.org/recording/ed734639-c860-4f67-959b-aaa679e7c77e,Tûshiya,"['instrumental-only', 'mode: ushshaq', 'rhythm: tushiya (4/4)']",ushshaq,False,,,L'ensemble de 'Umar Fâ'id Al-Ju'aydî,Maroc
CD 16/03. Soyez les bienvenus,https://musicbrainz.org/recording/44721528-5fa2-41ed-8fb5-f373792a22a0,Soyez les bienvenus,"['mode: ushshaq', 'rhythm: basit (12/8)']",ushshaq,False,,,L'ensemble de 'Umar Fâ'id Al-Ju'aydî,Maroc
CD 16/04. Mon amour est avec moi,https://musicbrainz.org/recording/8c86e1f6-1791-4cd4-b383-faf847378c61,Mon amour est avec moi,"['mode: ushshaq', 'rhythm: basit (12/8)']",ushshaq,False,,,L'ensemble de 'Umar Fâ'id Al-Ju'aydî,Maroc
CD 16/05. Un jour merveilleux,https://musicbrainz.org/recording/7791dd26-4a17-427b-999a-b7fdb21f30ba,Un jour merveilleux,"['mode: ushshaq', 'rhythm: basit (6/4)']",ushshaq,False,,,L'ensemble de 'Umar Fâ'id Al-Ju'aydî,Maroc
CD 16/06. Suite,https://musicbrainz.org/recording/5b81fc4a-a7ae-45d9-bc11-a0c361cd3dd2,Suite,"['mode: ushshaq', 'rhythm: basit (6/4)']",ushshaq,False,,,L'ensemble de 'Umar Fâ'id Al-Ju'aydî,Maroc
CD 16/07. Une Lune parfaite,https://musicbrainz.org/recording/51676d86-8ff2-4afc-a6c0-14e9a383fe0f,Une lune parfaite,"['mode: ushshaq', 'rhythm: qaim wa-nusf (4/4)']",ushshaq,False,,,L'ensemble de 'Umar Fâ'id Al-Ju'aydî,Maroc
CD 16/08. Accours te réfugier au sanctuaire,https://musicbrainz.org/recording/c1abc440-7cc7-49bd-8407-b6ee43c5ddd5,Accours te réfugier au sanctuaire,"['mode: ushshaq', 'rhythm: qaim wa-nusf (8/8)']",ushshaq,False,,,L'ensemble de 'Umar Fâ'id Al-Ju'aydî,Maroc
CD 16/09. Les lunes mont fait souffrir,https://musicbrainz.org/recording/ac9f01d4-f111-4d72-a808-132af47a1593,Les lunes m'ont fait souffrir,"['mode: ushshaq', 'rhythm: btayhi (8/8)']",ushshaq,False,,,L'ensemble de 'Umar Fâ'id Al-Ju'aydî,Maroc
CD 16/10. Quiconque aime,https://musicbrainz.org/recording/8009bac0-073e-4c94-8d79-ade68860a901,Quiconque aime,"['mode: ushshaq', 'rhythm: btayhi (8/8)']",ushshaq,False,,,L'ensemble de 'Umar Fâ'id Al-Ju'aydî,Maroc
CD 16/11. Mon regard ne se tourne vers nulle autre beauté,https://musicbrainz.org/recording/dcc8e85a-96bf-4e8b-ac9e-3d73a7a8c9e9,Mon regard ne se tourne vers nulle autre beauté,"['mode: ushshaq', 'rhythm: btayhi (8/8)']",ushshaq,False,,,L'ensemble de 'Umar Fâ'id Al-Ju'aydî,Maroc
CD 16/12. Ton absence,https://musicbrainz.org/recording/0a64a771-a2f9-4a63-a223-ac2fb371ca5d,Ton absence,"['mode: ushshaq', 'rhythm: (6/4)']",ushshaq,False,,,L'ensemble de 'Umar Fâ'id Al-Ju'aydî,Maroc
CD 16/13. Nous nous sommes trouvés dans un jardin,https://musicbrainz.org/recording/f654f9ca-5108-43cd-9558-89bf156292bd,Nous nous sommes trouvés dans un jardin,"['mode: ushshaq', 'rhythm: quddam (6/4)']",ushshaq,False,,,L'ensemble de 'Umar Fâ'id Al-Ju'aydî,Maroc
CD 16/14. Ô amoureux,https://musicbrainz.org/recording/b2c2794f-f7ed-4e16-bac9-dd6fd3518f90,Ô amoureux,"['mode: ushshaq', 'rhythm: quddam (3/4)']",ushshaq,False,,,L'ensemble de 'Umar Fâ'id Al-Ju'aydî,Maroc
CD 16/15. La brise du matin a offert,https://musicbrainz.org/recording/00224a7a-64bc-49a4-abdf-60c889588f57,La brise du matin a Offert,"['mode: ushshaq', 'rhythm: quddam (6/8)']",ushshaq,False,,,L'ensemble de 'Umar Fâ'id Al-Ju'aydî,Maroc
CD 16/16. La pléiade sest détournée,https://musicbrainz.org/recording/5b39e783-6028-4837-8b1b-a22fe2091fb3,La pléïade s'est détournée / Comment se reposerait-il ?,"['mode: ushshaq', 'rhythm: quddam (6/8)']",ushshaq,False,,,L'ensemble de 'Umar Fâ'id Al-Ju'aydî,Maroc
"CD 16/17. Mon amour, lorsque je le contemple",https://musicbrainz.org/recording/a1233236-4f28-4f1e-aa41-96fa7f076a2d,"Mon amour, lorsque je le contemple","['mode: ushshaq', 'rhythm: darj (6/8)']",ushshaq,False,,,L'ensemble de 'Umar Fâ'id Al-Ju'aydî,Maroc
"CD 16/18. Parcours le monde, tu en saisiras les secrets",https://musicbrainz.org/recording/ce9afa36-9670-451f-a1e1-f645693f3c11,"Parcours le Monde, tu en saisiras les secrets","['mode: ushshaq', 'rhythm: darj (6/8)']",ushshaq,False,,,L'ensemble de 'Umar Fâ'id Al-Ju'aydî,Maroc
CD 17/01. La nûba Rasd al-dhil - Introduction istiftâh,https://musicbrainz.org/recording/8b43982d-988e-4587-a5d4-03cd9daad829,La nûba Rasd al-dhil : introduction Istiftâh,"['instrumental-only', 'mode: rasd al-dhil', 'rhythm: btayhi (4/4)']",rasd al-dhil,False,,,L'ensemble de Muhammad Ghânim,Tunisia
CD 17/02. Msaddar,https://musicbrainz.org/recording/7650f41f-a6d2-43cd-966a-6c90ff53a28f,Msaddar,"['instrumental-only', 'mode: rasd al-dhil', 'rhythm: msaddar (6/4)']",rasd al-dhil,False,,,L'ensemble de Muhammad Ghânim,Tunisia
CD 17/03. Jai juré de ne jamais aimer dautre que vous,https://musicbrainz.org/recording/aa0ec8d9-8a08-4c37-886c-c9b6481f6d16,J'ai juré de ne jamais aimé d'autre que vous,['mode: rasd al-dhil'],rasd al-dhil,False,,,L'ensemble de Muhammad Ghânim,Tunisia
CD 17/04. Ô parfait comme la pleine lune,https://musicbrainz.org/recording/c5205d5d-1fa6-4810-aee9-9e7f3562cdca,Ô parfait comme la pleine lune,"['mode: rasd al-dhil', 'rhythm: abyat (4/4)', 'rhythm: btayhi (4/4)']",rasd al-dhil,False,,,L'ensemble de Muhammad Ghânim,Tunisia
CD 17/05. Conclusion du btayhî,https://musicbrainz.org/recording/c705d367-0a4c-491b-816a-370e6709e900,Conclusion du Btayhî / Ô toi qui es épris du prince des gazelles,"['mode: rasd al-dhil', 'rhythm: btayhi']",rasd al-dhil,False,,,L'ensemble de Muhammad Ghânim,Tunisia
CD 17/06. Mon amour est à lintérieur,https://musicbrainz.org/recording/613ef8c2-cd92-4338-8cba-2cacadbc585e,Mon amour est à l'intérieur,"['mode: rasd al-dhil', 'rhythm: btayhi']",rasd al-dhil,False,,,L'ensemble de Muhammad Ghânim,Tunisia
CD 17/07. Tawshiya Irâq,https://musicbrainz.org/recording/935b1f4b-7673-4765-9a12-bde47ee5d5c2,Tawshiya 'Irâq,"['instrumental-only', 'mode: dhil', 'rhythm: barwal', 'rhythm: btayhi']",dhil,False,,,L'ensemble de Muhammad Ghânim,Tunisia
CD 17/08. Suite,https://musicbrainz.org/recording/f0e14281-db24-4277-a3f2-54fd31ea9016,Suite,"['instrumental-only', 'mode: rasd al-dhil']",rasd al-dhil,False,,,L'ensemble de Muhammad Ghânim,Tunisia
CD 17/09. Ô lui qui ma rejeté,https://musicbrainz.org/recording/0000e085-17cc-40ad-89aa-76c18e45d524,"Ô lui qui m'a rejeté : taille élancée, il n'y a pas plus beau","['mode: rasd al-dhil', 'rhythm: barwal']",rasd al-dhil,False,,,L'ensemble de Muhammad Ghânim,Tunisia
CD 17/10. De ma crainte et de ma passion,https://musicbrainz.org/recording/53a0ab8c-63df-4035-98cb-d07e9b8e176d,De ma crainte et de ma passion,"['mode: rasd al-dhil', 'rhythm: darj']",rasd al-dhil,False,,,L'ensemble de Muhammad Ghânim,Tunisia
CD 17/11. Trois choses en ce bas monde me plaisent,https://musicbrainz.org/recording/edd041b5-1d68-4033-af2a-48bdd34cafdd,Trois choses en ce bas monde me plaisent,['mode: rasd al-dhil'],rasd al-dhil,False,,,L'ensemble de Muhammad Ghânim,Tunisia
"CD 17/12. Ô amoureux, ces cheveux",https://musicbrainz.org/recording/1e979171-15a4-4e37-885f-73c40d235b26,"Ô amoureux, ces cheveux",['mode: rasd al-dhil'],rasd al-dhil,False,,,L'ensemble de Muhammad Ghânim,Tunisia
CD 17/13. Au nom de Dieu et par Dieu,https://musicbrainz.org/recording/26fdb007-a447-439a-88b8-c2f525ba7c53,Au nom de Dieu et par Dieu,"['mode: rasd', 'vocal-only']",rast,True,,,L'ensemble de Muhammad Ghânim,Tunisia
"CD 17/14. (Suite) Allâh, Allâh, Allâh",https://musicbrainz.org/recording/d0376918-3d77-4aef-b4d6-8b6b41d6deb8,"(Suite) Allâh, Allâh, Allâh","['mode: rasd', 'vocal-only']",rast,True,,,L'ensemble de Muhammad Ghânim,Tunisia
"CD 17/15. Ô famille révérée, vous êtes mon espoir",https://musicbrainz.org/recording/870013bf-181a-4caf-807f-297f4b4658b5,"Ô famille révérée, vous êtes mon espoir",['mode: husayn saba'],husayn saba,False,,,L'ensemble de Muhammad Ghânim,Tunisia
CD 17/16. La pleine lune est apparue au matin,https://musicbrainz.org/recording/165ff51a-aa22-4684-86a4-cb17df06fd0e,La pleine lune est apparue au matin / Toi qui es brun,"['mode: husayn', 'rhythm (4/4)', 'rhythm: (8/4)', 'tonic_secs: 28.2-29.2']",husayni,False,28.2-29.2,145.92,L'ensemble de Muhammad Ghânim,Tunisia
CD 17/17. Combien nous avons été appelés,https://musicbrainz.org/recording/324de945-c65d-441b-adee-791b2009ba21,Combien nous avons été appelés,['mode: isbaayn'],isbaayn,False,,,L'ensemble de Muhammad Ghânim,Tunisia
CD 17/18. Lobjet de mes désirs ma visité,https://musicbrainz.org/recording/89db018a-541e-4898-b79d-f1cafc86d216,L'objet de mes désirs m'a visité / Quels sont ces gens qui m'ont dérouté ?,"['mode: shahnaz', 'rhythm: nawakht', 'rhythm: samai']",shahnaz,False,,,L'ensemble de Muhammad Ghânim,Tunisia
CD 17/19. Je vois une petite gazelle,https://musicbrainz.org/recording/f5656c6a-e8f0-49d5-afde-f4cf91504d58,Je vois une petite gazelle,['form: qasida'],NA,False,,,L'ensemble de Muhammad Ghânim,Tunisia
CD 17/20. Regarde mon état et ce qui mest arrivé,https://musicbrainz.org/recording/ab124fe0-56e7-46b6-8ff3-0242ebfc7ea3,Regarde mon état et ce qui m'est arrivé / À chaque instant de mon aimé,['mode: rasd al-dhil'],rasd al-dhil,False,,,L'ensemble de Muhammad Ghânim,Tunisia
"CD 18/01. Istikhbâr, rbâb",https://musicbrainz.org/recording/87df4447-3686-4b5f-8faf-98e15b21172f,"Istikhbâr, rbâb / Istikhbâr, 'ûd 'Arabî","['instrumental-only', 'mode: dhil', 'mode: rahawi']",rahawi,False,,,L'ensemble de Muhammad Ghânim,Tunisia
"CD 18/02. Istikhbâr, rbâb",https://musicbrainz.org/recording/b709e7b3-858d-44d9-aedc-d1ef9a7760be,"Istikhbâr, rbâb / Istikhbâr, 'ûd 'Arabî","['instrumental-only', 'mode: iraq', 'mode: sikah']",sikah,False,,,L'ensemble de Muhammad Ghânim,Tunisia
"CD 18/03. Istikhbâr, rbâb",https://musicbrainz.org/recording/de7791b2-b857-41eb-9976-6e326695c49c,"Istikhbâr, rbâb / De toutes parts tu le vois","['form: qasida', 'mode: husayn', 'tonic_secs: 41.3-41.8']",husayni,False,41.3-41.8,132.73,L'ensemble de Muhammad Ghânim,Tunisia
"CD 18/04. Istikhbâr, rbâb",https://musicbrainz.org/recording/c3290ecf-da88-418b-98f8-39b5e72995d9,"Istikhbâr, rbâb / Istikhbâr, 'ûd 'Arabî","['instrumental-only', 'mode: raml al-maya', 'mode: rasd', 'tonic_secs: 2.7-3.4']",rast,False,2.7-3.4,133.10,L'ensemble de Muhammad Ghânim,Tunisia
"CD 18/05. Istikhbâr, rbâb",https://musicbrainz.org/recording/602b4df9-51ff-4c4f-8a6c-b262ab1cc4d6,"Istikhbâr, rbâb / Istikhbâr, 'ûd 'Arabî","['instrumental-only', 'mode: isbaayn', 'mode: nawa']",nawa,False,,,L'ensemble de Muhammad Ghânim,Tunisia
"CD 18/06. Istikhbâr, rbâb",https://musicbrainz.org/recording/e99cffab-eafd-4eef-ab83-fee985aa358c,"Istikhbâr, rbâb / Istikhbâr, 'ûd 'Arabî","['instrumental-only', 'mode: ramal', 'mode: rasd al-dhil', 'tonic_secs: 5.6-6.3']",rasd al-dhil,False,5.6-6.3,118.60,L'ensemble de Muhammad Ghânim,Tunisia
"CD 18/07. Istikhbâr, rbâb",https://musicbrainz.org/recording/ef1eed35-7bfb-4be8-a561-17885b293337,"Istikhbâr, rbâb / Istikhbâr, 'ûd 'Arabî","['instrumental-only', 'mode: asfahan', 'mode: mazmum']",mazmum,False,,,L'ensemble de Muhammad Ghânim,Tunisia
"CD 18/08. Istikhbâr, rbâb",https://musicbrainz.org/recording/4915da10-62ab-460f-9e1f-99426eee83d2,"Istikhbâr, rbâb / Istikhbâr, 'ûd 'Arabî","['instrumental-only', 'mode: maya', 'mode: muhayyar sikah', 'tonic_secs: 16.4-17.2']",muhayyar sikah,False,16.4-17.2,118.80,L'ensemble de Muhammad Ghânim,Tunisia
CD 18/09. Il ny a de dieu que Dieu,https://musicbrainz.org/recording/60f6a6f4-c6ea-4ec3-a177-b45af8f1fffa,Il n'y a de Dieu que dieu,"['mode: muhayyar sikah', 'rhythm: mdawwar hawzi']",muhayyar sikah,False,,,L'ensemble de Muhammad Ghânim,Tunisia
"CD 18/10. Pare-la, ô coiffeuse ",https://musicbrainz.org/recording/5b0275de-d4fc-4f02-9916-dc525a84300c,"Pare-là, ô coiffeuse !","['mode: muhayyar iraq', 'rhythm: sadawi (6/8)']",muhayyar iraq,False,,,L'ensemble de Muhammad Ghânim,Tunisia
"CD 18/11. Circoncis, ô circonciseur ",https://musicbrainz.org/recording/c64d0df2-a1d5-4e7b-ac13-1348a32c295f,"Circoncis, ô circonciseur !","['cycle: murabba tunisi (4/4)', 'mode: muhayyar iraq']",muhayyar iraq,False,,,L'ensemble de Muhammad Ghânim,Tunisia
CD 18/12. Chantez la grandeur de Dieu,https://musicbrainz.org/recording/8f91516e-d33f-462a-9c87-9c280b8e69e7,Chantez la grandeur de Dieu,"['mode: isfahan', 'rhythm: barwal (2/4)', 'rhythm: barwal (4/4)', 'vocal-only']",isfahan,True,,,L'ensemble de Muhammad Ghânim,Tunisia
CD 18/13. Arûbî,https://musicbrainz.org/recording/48f62300-cd52-487d-89bc-d8cf2f2c34ea,'Arûbî,"['mode: muhayyar iraq', 'rhythm: ardawi']",muhayyar iraq,False,,,L'ensemble de Muhammad Ghânim,Tunisia
"CD 18/14. Tu es absent, ô mon père",https://musicbrainz.org/recording/c6586839-6f61-4d7c-8b5d-d965fa924210,"Tu es absent, ô mon père / Celui qui aime est excusé",['rhythm: barwal'],NA,False,,,L'ensemble de Muhammad Ghânim,Tunisia
CD 18/15. Arûbî,https://musicbrainz.org/recording/6b106d86-20aa-4d6b-bd35-930bf29fb36e,'Arûbî,['mode: mazmum'],mazmum,False,,,L'ensemble de Muhammad Ghânim,Tunisia
"CD 18/16. Tatoue, ô tatoueur ",https://musicbrainz.org/recording/7f419ec6-89b9-456f-8deb-3aa22e51ad61,"Tatoue, ô tatoueur ! / Il te parle du temps des fleurs","['mode: muhayyar iraq', 'rhythm: barwal']",muhayyar iraq,False,,,L'ensemble de Muhammad Ghânim,Tunisia
CD 18/17. Celui qui a commis ladultère est tranquille,https://musicbrainz.org/recording/a399aa3a-c4f0-4a01-9305-2c470cef9ac7,Celui qui a commis l'adultère est tranquille,No tags found for this recording.,NA,False,,,L'ensemble de Muhammad Ghânim,Tunisia
"CD 18/18. Ô mon enfer, ma grande souffrance",https://musicbrainz.org/recording/fb0c35b7-db2f-4e53-8560-1ffe384966b3,"Ô mon enfer, ma grande souffrance",['rhythm: tarabulusi'],NA,False,,,L'ensemble de Muhammad Ghânim,Tunisia
"CD 18/19. Istikhbâr, Muhayyir Irâq",https://musicbrainz.org/recording/b6b6a85f-d6d4-43d5-852e-a82b393c6ebc,"Istikhbâr, Muhayyir 'Irâq / Danse de la Ghayta","['instrumental-only', 'mode: muhayyar iraq', 'mode: muhayyar sikah', 'rhythm: (6/8)']",muhayyar sikah,False,,,L'ensemble de Muhammad Ghânim,Tunisia
"CD 18/20. Istikhbâr, Rasd al-Dhîl",https://musicbrainz.org/recording/fa0b7fb4-f70f-4571-9819-ebfac2209004,"Istikhbâr, rasd al-Dhîl / Danse Fizzânî","['instrumental-only', 'mode: rasd al-dhil', 'rhythm: (8/8)']",rasd al-dhil,False,,,L'ensemble de Muhammad Ghânim,Tunisia
CD 2/01. Le soleil de la perfection est apparu,https://musicbrainz.org/recording/6bd9f26b-e820-4b29-b108-0dd43f0cc15a,Le soleil de la perfection est apparu,"['mode: hijaz kar', 'rhythm: shanbar misri (48/4)']",hicazkar,False,,,Darwîsh Muhammad al-Harîrî,Egypt
CD 2/02. Celui à la taille gracile est apparu,https://musicbrainz.org/recording/6104507c-61fd-449f-ad56-7c3fa1cdac6b,Celui à la taille gracile est apparu / Détourne ton chemin vers la gazelle / Quelle sera ma ruse ?,['mode: hijaz kar'],hicazkar,False,,,Darwîsh Muhammad al-Harîrî,Egypt
CD 2/03. Par le grand mode Nahâwand,https://musicbrainz.org/recording/813a6db2-b69a-4b36-b5d1-c80ca4edce97,Par le grand mode Nahâwand,['mode: nahawand'],nahawand,False,,,Darwîsh Muhammad al-Harîrî,Egypt
CD 2/04. Celui qui a une taille élégante,https://musicbrainz.org/recording/caf49d71-ef4c-4678-b877-16919266ede1,Celui qui a unetaille élégante / Il m'a décoché la flèche,['mode: nahawand'],nahawand,False,,,Darwîsh Muhammad al-Harîrî,Egypt
CD 2/05. Ô nuit damour,https://musicbrainz.org/recording/dd934074-8b05-4ac5-961e-2bb2ac6eb788,Ô nuit d'amour / Elle ranime les âmes,['mode: jaharkah'],jaharkah,False,,,Darwîsh Muhammad al-Harîrî,Egypt
CD 2/06. Gloire à celui qui a créé ta beauté,https://musicbrainz.org/recording/e33eb7c9-27fb-4750-85a1-f9672947911d,Gloire à celui qui a créé ta beauté / Mon amour m'a rendu visite / Couronnez ô nuages,['mode: jaharkah'],jaharkah,False,,,Darwîsh Muhammad al-Harîrî,Egypt
CD 2/07. Lêtre au visage superbe ma rendu visite,https://musicbrainz.org/recording/31da860a-8185-4c00-bc0c-abb96951ab16,L'être au visage superbe m'a rendu visite,['mode: sikah arabi'],sikah arabi,False,,,Darwîsh Muhammad al-Harîrî,Egypt
CD 2/08. Suite,https://musicbrainz.org/recording/4b8ff499-1cb4-4aae-8bd1-38a4cd223f65,Suite,['mode: sikah arabi'],sikah arabi,False,,,Darwîsh Muhammad al-Harîrî,Egypt
CD 2/09. Lastre pour qui je me sacrifierai est apparu,https://musicbrainz.org/recording/5d87ecab-adaf-46c8-8ec8-c3e1efdb032f,L'astre pour qui je me sacrifierai est apparu,['mode: sikah arabi'],sikah arabi,False,,,Darwîsh Muhammad al-Harîrî,Egypt
CD 2/10. Ayez pitié de moi,https://musicbrainz.org/recording/b543b5c9-6d29-4aac-b792-f83e2427ad13,Ayez Pitié de moi / Les mains du Zéphyr ont agité,['mode: sikah arabi'],sikah arabi,False,,,Darwîsh Muhammad al-Harîrî,Egypt
CD 2/11. Si léchanson,https://musicbrainz.org/recording/85b203e0-c8f5-497f-807b-c46146f61cda,Si l'échanson / Sa majesté le bonheur,"['mode: husayni', 'tonic_secs: 0.8-1.2']",husayni,False,0.8-1.2,133.97,Darwîsh Muhammad al-Harîrî,Egypt
CD 2/12. Dis à celui dont tout le monde aime les vertus,https://musicbrainz.org/recording/d919fca4-f466-4fa3-b73c-ad2e7c425c4d,Dis à celui dont tout le monde aime les vertus / Je me sacrifierai pour cette gazelle / Mon amour a Désiré me faire de la peine,"['mode: husayni', 'tonic_secs: 0.9-1.2']",husayni,False,0.9-1.2,133.89,Darwîsh Muhammad al-Harîrî,Egypt
CD 2/13. Le jardin a été déserté,https://musicbrainz.org/recording/ae36dc6e-9664-4819-a0d5-3c3703c4b554,Le jardin a été déserté / Ma nuit s'est prolongée,['mode: awj'],awj,False,,,Darwîsh Muhammad al-Harîrî,Egypt
CD 2/14. Hé  Une beauté qui apparaît ,https://musicbrainz.org/recording/8e4f2f16-dd81-4fba-8be6-3ddc542a2dc3,Hé ! une beauté qui apparaît ! / Toi qui a une taille fine,['mode: awj'],awj,False,,,Darwîsh Muhammad al-Harîrî,Egypt
CD 2/15. Emplis ma coupe et abreuve-moi,https://musicbrainz.org/recording/21fe2bb0-f61a-4d83-92aa-ae461cfbe830,Emplis ma coupe et Abreuve-moi / Ô petit croissant de lune,['mode: shawrak'],shawrak,False,,,Darwîsh Muhammad al-Harîrî,Egypt
CD 2/16. Pourquoi donc,https://musicbrainz.org/recording/f26c5bbc-bff9-4268-be35-9763dc048277,Pourquoi donc ? / De longues nuits,['mode: shawrak'],shawrak,False,,,Darwîsh Muhammad al-Harîrî,Egypt
CD 2/17. Gloire à celui qui a créé ta beauté,https://musicbrainz.org/recording/6a8a1fa9-0723-4075-984e-4df74c29bf9a,Gloire à celui qui a créé ta beauté,['mode: iraq'],iraq,False,,,Darwîsh Muhammad al-Harîrî,Egypt
"CD 2/18. Faon qui, par le regard",https://musicbrainz.org/recording/6498cf1d-27f3-4933-a06e-0f0b73d7951b,"Faon qui / Par le regard, par mon père, ô sublime beauté",['mode: iraq'],iraq,False,,,Darwîsh Muhammad al-Harîrî,Egypt
CD 2/19. Lorsque mon amour en colère est apparu,https://musicbrainz.org/recording/0caef7d8-b0a4-4103-9ea2-062a0236c524,Lorsque mon amour en colère est apparu,['mode: nayriz'],nayriz,False,,,Darwîsh Muhammad al-Harîrî,Egypt
CD 3/01. Darwîsh Muhammad al-Harîrî - Lève-toi et suis,https://musicbrainz.org/recording/d4a0bf58-da59-425a-9fd3-71f25b94674f,Lève-toi et suis,['mode: ajam ushayran'],ajam ushayran,False,,,Darwîsh Muhammad al-Harîrî,Egypt
"CD 3/02. Darwîsh Muhammad al-Harîrî - Ah, comme les êtres chers sont injustes ",https://musicbrainz.org/recording/d3f97096-833e-4183-8ff3-ccf509e11a45,"Ah, comme les êtres chers sont injustes ! / Toi qui a décroché une flèche au coeur / Qu'ont donc observé mes yeux ?",['mode: ajam ushayran'],ajam ushayran,False,,,Darwîsh Muhammad al-Harîrî,Egypt
CD 3/03. Darwîsh Muhammad al-Harîrî - Ô échanson,https://musicbrainz.org/recording/40fff862-9a10-47a3-ba88-8a317953a9d4,"Ô Échanson / Ami, raconte à celui qui est tiède envers moi / Les étoiles de la nuit",['mode: kurdan'],kurdan,False,,,Darwîsh Muhammad al-Harîrî,Egypt
CD 3/04. Darwîsh Muhammad al-Harîrî - Fais-moi boire la coupe,https://musicbrainz.org/recording/dec9a6f6-606a-4479-be07-2c4d676d6d3f,Fais-moi boire la coupe / Ô Gazelle qui a maquillé ses yeux / Le chanteur du cabaret nous a séduits,['mode: kurdan'],kurdan,False,,,Darwîsh Muhammad al-Harîrî,Egypt
CD 3/05. Darwîsh Muhammad al-Harîrî - Nous voyons le collier,https://musicbrainz.org/recording/2b4121d6-4cb8-44ff-8896-911cf874a5f3,Nous voyons le collier / Lève-toi et viens vers la taverne,['mode: ushshaq misri'],ushshaq misri,False,,,Darwîsh Muhammad al-Harîrî,Egypt
CD 3/06. Darwîsh Muhammad al-Harîrî - Elle apparut dentre les voiles,https://musicbrainz.org/recording/f5fea1df-607a-4a48-a232-5a4ed0075324,"Elle apparut d'entre les voiles / Occupe-toi de nous, ô Échanson",['mode: ushshaq misri'],ushshaq misri,False,,,Darwîsh Muhammad al-Harîrî,Egypt
CD 3/07. Azîz Uthmân - Lorigine de lamour est un regard,https://musicbrainz.org/recording/a95e07e8-e87c-46aa-8870-9b431ebe8ae0,L'origine de l'amour est un regard,"['mode: rast', 'tonic_secs: 32.1-33.1']",rast,False,32.1-33.1,155.97,Aziz 'Uthmân,Egypt
CD 3/08. Azîz Uthmân - Suite,https://musicbrainz.org/recording/b5a5790c-4eea-4619-928c-45ec2bf00b4c,Suite,"['mode: rast', 'tonic_secs: 0.9-1.4']",rast,False,0.9-1.4,156.01,Aziz 'Uthmân,Egypt
CD 3/09. Azîz Uthmân - Lamour ma alangui,https://musicbrainz.org/recording/19244b85-4657-44a5-b7c1-95349db76850,L'amour m'a Alangui,['mode: nahawand'],nahawand,False,,,Aziz 'Uthmân,Egypt
CD 3/10. Azîz Uthmân - Suite,https://musicbrainz.org/recording/2cba6e72-5354-47fb-98cf-d531bf8450be,Suite,['mode: nahawand'],nahawand,False,,,Aziz 'Uthmân,Egypt
CD 3/11. Azîz Uthmân - Suite,https://musicbrainz.org/recording/00ec9275-b847-445f-af4d-b356d4169a37,Suite,['mode: nahawand'],nahawand,False,,,Aziz 'Uthmân,Egypt
"CD 3/12. Azîz Uthmân - Âme, reprends confiance en ton étoile",https://musicbrainz.org/recording/ee2a7c98-e63a-4e94-886a-3e49edc4d31b,"Âme, reprends confiance en ton étoile","['mode: bayati', 'tonic_secs: 59.0-62.0']",bayati,False,59.0-62.0,117.40,Aziz 'Uthmân,Egypt
CD 3/13. Azîz Uthmân - Combien je gémissais loin de toi ,https://musicbrainz.org/recording/2ee7875f-3016-4bc5-a95e-da94497081d9,Combien je gémissais loin de toi !,['mode: sikah'],sikah,False,,,Aziz 'Uthmân,Egypt
CD 3/14. Azîz Uthmân - Suite,https://musicbrainz.org/recording/c6786b4b-1898-43ee-ab88-4276e9604cf7,Suite,['mode: sikah'],sikah,False,,,Aziz 'Uthmân,Egypt
CD 4/01. Lêtre aux beautés uniques est apparu,https://musicbrainz.org/recording/5499eb30-546f-4d0d-9645-17b0d2453b21,L'être aux beautés uniques est apparu,"['mode: hijaz', 'rhythm: wahda (4/4)']",hijaz,False,,,Dâwûd Khudr Husnî,Egypt
CD 4/02. Suite,https://musicbrainz.org/recording/3137b83d-8c41-4807-8194-e645d42475cf,Suite,"['mode: hijaz', 'rhythm: wahda (4/4)']",hijaz,False,,,Dâwûd Khudr Husnî,Egypt
CD 4/03. Depuis le jour où jai connu lamour,https://musicbrainz.org/recording/d65dd592-ca4c-4ceb-8f08-760cdc185d6c,Depuis le jour où j'ai connu l'amour,"['mode: bayati', 'tonic_secs: 19.0-20.1']",bayati,False,19.0-20.1,137.72,Dâwûd Khudr Husnî,Egypt
CD 4/04. Suite,https://musicbrainz.org/recording/a31bec85-990c-4085-9f30-ddd0915ada07,Suite,"['mode: bayati', 'tonic_secs: 24.5-24.9']",bayati,False,24.5-24.9,137.65,Dâwûd Khudr Husnî,Egypt
CD 4/05. Jai bu la patience jusquà la lie,https://musicbrainz.org/recording/80382db4-d960-485f-baa6-fe9ef77bf29d,J'ai bu la patience jusqu'à la lie,['mode: ushshaq misri'],ushshaq misri,False,,,Dâwûd Khudr Husnî,Egypt
CD 4/06. Suite,https://musicbrainz.org/recording/5d50c278-e216-4d1a-aa35-cb6c651ac988,Suite,['mode: ushshaq misri'],ushshaq misri,False,,,Dâwûd Khudr Husnî,Egypt
CD 4/07. Le prisonnier de lamour,https://musicbrainz.org/recording/0775bb77-ff13-4616-a0cd-7a82fd677d9b,Le prisonnier de l'amour,"['mode: jaharkah', 'mode: zunjuran']",zunjuran,False,,,Dâwûd Khudr Husnî,Egypt
CD 4/08. Suite,https://musicbrainz.org/recording/3b991943-3047-4b28-a2e3-a24bd3c74756,Suite,"['mode: jaharkah', 'mode: zunjuran']",zunjuran,False,,,Dâwûd Khudr Husnî,Egypt
CD 4/09. Suite,https://musicbrainz.org/recording/df2a531e-9ad9-4d36-bfff-5037f9164dd6,Suite,"['mode: jaharkah', 'mode: zunjuran']",zunjuran,False,,,Dâwûd Khudr Husnî,Egypt
CD 4/10. Suite,https://musicbrainz.org/recording/527aae16-ed30-4f6b-9ed6-f6da012ed71b,Suite,"['mode: jaharkah', 'mode: zunjuran']",zunjuran,False,,,Dâwûd Khudr Husnî,Egypt
"CD 4/11. Chaque jour, je me plains de la blessure de mon coeur",https://musicbrainz.org/recording/6e42c6f5-6613-45be-aca4-4cf944d08540,"Chaque jour, je me plains de la blessure de mon coeur",['mode: nahawand'],nahawand,False,,,Dâwûd Khudr Husnî,Egypt
CD 4/12. Suite,https://musicbrainz.org/recording/eee39eeb-d69d-4456-b47b-f49da6226768,Suite,['mode: nahawand'],nahawand,False,,,Dâwûd Khudr Husnî,Egypt
CD 4/13. Fais le tour de lassemblée avec la coupe de vin,https://musicbrainz.org/recording/47464c7a-7f47-4289-afe3-d26cd588d19e,Fais le tour de l'assemblée avec la coupe de vin,"['mode: rast', 'tonic_secs: 26.0-26.7']",rast,False,26.0-26.7,122.29,Dâwûd Khudr Husnî,Egypt
CD 4/14. Suite,https://musicbrainz.org/recording/cffc5643-bed9-430f-bdb1-631d4ff05b82,Suite,"['mode: rast', 'tonic_secs: 154.0-154.8']",rast,False,154.0-154.8,122.04,Dâwûd Khudr Husnî,Egypt
CD 4/15. La lumière de mes yeux est apparue,https://musicbrainz.org/recording/1b3f1649-a8f2-4322-959e-4a1de4957820,La lumière de mes yeux,['mode: sikah'],sikah,False,,,Dâwûd Khudr Husnî,Egypt
CD 4/16. Suite,https://musicbrainz.org/recording/17d4ca56-7ac4-417d-b23a-3148757c3ae9,Suite,['mode: sikah'],sikah,False,,,Dâwûd Khudr Husnî,Egypt
CD 4/17. Aime celui qui est fou de toi,https://musicbrainz.org/recording/dd65f8e6-51c2-4a76-ac2d-f2a1dfdcbbfe,Aime celui qui est fou de toi,"['mode: saba', 'tonic_secs: 28.8-29.6']",saba,False,28.8-29.6,163.69,Dâwûd Khudr Husnî,Egypt
CD 4/18. Suite,https://musicbrainz.org/recording/5a385a47-1dfe-4b7b-9cf9-5f4a8ce4989f,Suite,"['mode: saba', 'tonic_secs: 4.2-5.4']",saba,False,4.2-5.4,163.73,Dâwûd Khudr Husnî,Egypt
CD 4/19. Je naime que toi,https://musicbrainz.org/recording/9483542f-2015-4ce8-a5e9-269226266873,Je n'aime que toi,"['mode: saba', 'tonic_secs: 25.1-26.2']",saba,False,25.1-26.2,163.82,Dâwûd Khudr Husnî,Egypt
CD 4/20. Suite,https://musicbrainz.org/recording/fd833ffa-0e98-47a1-af11-9a2eeafdc651,Suite,"['mode: saba', 'tonic_secs: 2.9-4.3']",saba,False,2.9-4.3,163.86,Dâwûd Khudr Husnî,Egypt
CD 5/01. Dis-moi - quas-tu gagné avec tes caprices,https://musicbrainz.org/recording/a1970ff0-9181-41a4-9cd3-6df7451413ec,Dis-moi : qu'as-tu gagné avec tes caprices ?,"['mode: bayati', 'tonic_secs: 24.1-24.6']",bayati,False,24.1-24.6,126.12,‘Abduh al-Ḥāmūlī,Egypt
CD 5/02. Suite,https://musicbrainz.org/recording/f137afec-827e-4430-a0e7-49d847f7e1e8,Suite,"['mode: bayati', 'tonic_secs: 25.1-26.1']",bayati,False,25.1-26.1,126.17,‘Abduh al-Ḥāmūlī,Egypt
CD 5/03. Suite,https://musicbrainz.org/recording/a21bc93b-87a8-48da-ac7e-d9347ab16e9c,Suite,"['mode: bayati', 'tonic_secs: 3.9-4.7']",bayati,False,3.9-4.7,126.15,‘Abduh al-Ḥāmūlī,Egypt
CD 5/04. Suite,https://musicbrainz.org/recording/83f132ee-1116-4dcf-9e68-73a7876d1289,Suite,"['mode: bayati', 'tonic_secs: 3.4-4.0']",bayati,False,3.4-4.0,126.55,‘Abduh al-Ḥāmūlī,Egypt
CD 5/05. Suite,https://musicbrainz.org/recording/a7c2e105-e6c1-419a-a0a4-a4da75aba88c,Suite,"['mode: bayati', 'tonic_secs: 3.1-4.1']",bayati,False,3.1-4.1,126.26,‘Abduh al-Ḥāmūlī,Egypt
CD 5/06. Celui qui ta aimé mérite dêtre auprès de toi,https://musicbrainz.org/recording/9537fc72-dc32-4261-87dc-fd392b3efa72,Celui qui t'a aimé mérite d'être auprès de toi,['mode: bayati'],bayati,False,,,‘Abduh al-Ḥāmūlī,Egypt
"CD 5/07. Mon coeur, par ton regard",https://musicbrainz.org/recording/06cb9592-3a9f-408c-aa0f-69b4913e5491,"Mon coeur, par ton regard / Ô liaison qui honore",['mode: bayati'],bayati,False,,,‘Abduh al-Ḥāmūlī,Egypt
"CD 5/08. Elle a trop duré, la froideur de mon aimé",https://musicbrainz.org/recording/86fb578b-b33b-4bbd-a8ce-029d6b1e451d,"Elle a trop duré, la froideur de mon Aimé","['mode: rast', 'tonic_secs: 27.9-29.1']",rast,False,27.9-29.1,169.59,‘Abduh al-Ḥāmūlī,Egypt
CD 5/09. Tu es le prince des beaux jeunes gens,https://musicbrainz.org/recording/c9d6673a-e6e9-43d8-b60b-8666cd433e94,Tu es le prince des beaux jeunes gens,"['mode: saba', 'tonic_secs: 40.6-41.4']",saba,False,40.6-41.4,126.63,‘Abduh al-Ḥāmūlī,Egypt
CD 5/10. Suite,https://musicbrainz.org/recording/d45c7b60-1266-4f62-bfba-5c0058c6a1e7,Suite,"['mode: saba', 'tonic_secs: 90.4-91.0']",saba,False,90.4-91.0,126.44,‘Abduh al-Ḥāmūlī,Egypt
CD 5/11. La chance de la vie,https://musicbrainz.org/recording/04544421-fcb0-4a72-a3ef-14d94758534c,La chance de la vie,['mode: bayati'],bayati,False,,,‘Abduh al-Ḥāmūlī,Egypt
"CD 5/12. Mon seigneur, je suis ton esclave",https://musicbrainz.org/recording/aed35543-2368-4a14-a27d-532e2a5b4529,"Mon seigneur, je suis ton esclave","['mode: rast', 'tonic_secs: 21.2-21.8']",rast,False,21.2-21.8,114.48,‘Abduh al-Ḥāmūlī,Egypt
CD 5/13. Sa taille ondoyante,https://musicbrainz.org/recording/4dc9416b-753c-45bb-8087-2771913f41d9,Sa taille ondoyante,['mode: bayati'],bayati,False,,,‘Abduh al-Ḥāmūlī,Egypt
CD 5/14. Suite,https://musicbrainz.org/recording/613b0700-1c74-4ee8-8ace-bcdced9ef4c3,Suite,['mode: bayati'],bayati,False,,,‘Abduh al-Ḥāmūlī,Egypt
CD 5/15. Suite,https://musicbrainz.org/recording/4de5e745-f2d7-4eac-b778-8a3e0a2fe8e5,Suite,['mode: bayati'],bayati,False,,,‘Abduh al-Ḥāmūlī,Egypt
CD 5/16. Gens de beauté et de pureté,https://musicbrainz.org/recording/bcebfda5-ca4f-4de4-87fc-4cd6b8fe4dc4,Gens de beauté et de pureté,['mode: bayati'],bayati,False,,,‘Abduh al-Ḥāmūlī,Egypt
CD 6/01. Muhammad al-Bahr - Les tambours ont résonné,https://musicbrainz.org/recording/6868562d-f3b7-43a2-91b8-d0431cece5b6,Les tambours de guerre ont résonné,"['mode: rast', 'tonic_secs: 5.5-6.0']",rast,False,5.5-6.0,115.72,Muhammad al-Bahr,Egypt
CD 6/02. Muhammad al-Bahr - Suite,https://musicbrainz.org/recording/394ec60d-8245-46a1-b4d1-2029e745bb4d,Suite,"['mode: rast', 'tonic_secs: 4.4-4.9']",rast,False,4.4-4.9,116.02,Muhammad al-Bahr,Egypt
CD 6/03. Muhammad al-Bahr - Voici le Soleil et la Lune,https://musicbrainz.org/recording/ac62ce25-bdfe-4377-9177-c09ce2def5c2,Voici le soleil et la lune,"['mode: rast', 'tonic_secs: 5.5-6.0']",rast,False,5.5-6.0,116.11,Muhammad al-Bahr,Egypt
CD 6/04. Muhammad al-Bahr - Lorsque je vois le visage de mon amour,https://musicbrainz.org/recording/94a76da8-ce1d-4cfd-9f13-e73edbf24fca,Lorsque je vois le visage de mon amour,['mode: nahawand'],nahawand,False,,,Muhammad al-Bahr,Egypt
"CD 6/05. Muhammad al-Bahr - Moi, lEgyptien , Ô vie de lâme",https://musicbrainz.org/recording/269fc45d-bd33-4e90-a76f-17d4e49530d0,"Moi, l'égyptien / Ô vie de l'âme",['mode: ajam'],ajam,False,,,Muhammad al-Bahr,Egypt
"CD 6/06. Muhammad al-Bahr - Cest ton jour, cest ton heure",https://musicbrainz.org/recording/db256794-2ef3-4df4-bc1e-a0ca9b03fa49,"C'est ton jour, c'est ton heure","['mode: ajam', 'mode: nahawand']",nahawand,False,,,Muhammad al-Bahr,Egypt
"CD 6/07. Muhammad al-Arabî and baladî ensemble - Quy a-t-il donc mon amour, que tai-je donc fait",https://musicbrainz.org/recording/5c3dbee8-4461-4f8f-933d-c1851aa546d0,"Qu'y-a-t-il donc mon amour, que t'ai-je donc fait ?",No tags found for this recording.,NA,False,,,Muhammad Awad Al-Arabî,Egypt
"CD 6/08. Muhammad al-Arabî and baladî ensemble - Elles sont douces, les grenades de son pays",https://musicbrainz.org/recording/e52b088d-3a22-4a40-b489-00b61e790744,Elles sont douces les grenades de son pays,No tags found for this recording.,NA,False,,,Muhammad Awad Al-Arabî,Egypt
"CD 6/09. Muhammad al-Arabî and baladî ensemble - Patron, fais-moi traverser le Nil",https://musicbrainz.org/recording/9903a28f-b9f8-4aae-9e1e-06dbdc5bbb25,"Patron, fais-moi Trvaerser le Nil",No tags found for this recording.,NA,False,,,Muhammad Awad Al-Arabî,Egypt
CD 6/10. Muhammad al-Arabî and baladî ensemble - Danse des princesses,https://musicbrainz.org/recording/a0e711fb-8650-4fa1-8745-332c6f6c9c25,Danse des princesses,No tags found for this recording.,NA,False,,,Muhammad Awad Al-Arabî,Egypt
CD 6/11. Muhammad al-Arabî and baladî ensemble - Que lenvieux prenne une poutre dans loeil,https://musicbrainz.org/recording/2aec11ac-0506-41e9-98ca-de06c846b69f,Que l'envieux prenne une poutre dans l'oeil,['mode: bayati'],bayati,False,,157.04,Muhammad Awad Al-Arabî,Egypt
"CD 6/12. Muhammad al-Arabî and baladî ensemble - Amis, le voyage est pour demain",https://musicbrainz.org/recording/36d29aff-8f8b-40b6-bbe3-e8fa0c2dead0,"Amis, le voyage est pour demain","['mode: bayati', 'tonic_secs: 12.7-13.1']",bayati,False,12.7-13.1,127.80,Muhammad Awad Al-Arabî,Egypt
CD 7/01. The Bedouins of Faiyum - Le rebelle dautrefois sest soumis,https://musicbrainz.org/recording/946f3565-85c6-46fd-b51e-20c00ad47604,Le rebelle d'autrefois s'est soumis,['vocal-only'],NA,True,,,Les Bédouins du Fayyûm,Egypt
"CD 7/02.  The Bedouins of Faiyum - Ô fille, de ton nom je ne sais rien",https://musicbrainz.org/recording/13582ece-81ab-42d1-9bc5-96a0bb2acd49,"Ô fille, de ton nom je ne sais rien / Nous commencerons par l'élégant",['vocal-only'],NA,True,,,Les Bédouins du Fayyûm,Egypt
CD 7/03. The Bedouins of Faiyum - Hymne des paysans,https://musicbrainz.org/recording/8b49e27a-e9c5-470e-a173-8a313e579548,Hymne des paysans,['vocal-only'],NA,True,,,Les Bédouins du Fayyûm,Egypt
CD 7/04. The Bedouins of Faiyum - Suite,https://musicbrainz.org/recording/7f228a2e-87c7-4e9c-ad05-a6181d23d588,Suite,['vocal-only'],NA,True,,,Les Bédouins du Fayyûm,Egypt
"CD 7/05. The Bedouins of Faiyum - Nage, ô Salîm, dans la citerne ",https://musicbrainz.org/recording/11b4a8d2-d032-4135-8a7b-1d017b6228cd,"Nage, ô Salîm, dans la citerne !",['vocal-only'],NA,True,,,Les Bédouins du Fayyûm,Egypt
CD 7/06. The Bedouins of Faiyum - Suite,https://musicbrainz.org/recording/c49261c7-2f42-436d-b2fb-3d6ec1d33365,Suite,['vocal-only'],NA,True,,,Les Bédouins du Fayyûm,Egypt
CD 7/07. Taha Abû and his ensemble of oboes and drum - Air de procession des pèlerins,https://musicbrainz.org/recording/b58e6104-450f-4591-ac21-4d5ff867f0e1,Air de procession des pélerins,"['instrumental-only', 'mode: bayati', 'tonic_secs: 33.2-34.6']",bayati,False,33.2-34.6,171.37,Taha Abû Mandûr,Egypt
CD 7/08. Taha Abû and his ensemble of oboes and drum - Danse alexandrine,https://musicbrainz.org/recording/f3681473-0ad7-4214-82e7-9513aa73278c,Danse Alexandrine,['instrumental-only'],NA,False,,,Taha Abû Mandûr,Egypt
CD 7/09. Taha Abû and his ensemble of oboes and drum - Introduction instrumentale,https://musicbrainz.org/recording/589fc4f7-2990-4be4-a439-1b459e748f21,Introduction instrumentale,['instrumental-only'],NA,False,,,Taha Abû Mandûr,Egypt
CD 7/10. Taha Abû and his ensemble of oboes and drum - Danse lente,https://musicbrainz.org/recording/279ad1be-658a-4f21-b3c5-f503310e7270,Danse lente,"['instrumental-only', 'rhythm: (8/8)']",NA,False,,,Taha Abû Mandûr,Egypt
"CD 7/11. Taha Abû and his ensemble of oboes and drum - Danse, rythme ayyûb",https://musicbrainz.org/recording/cf39d41a-cf85-49be-8e85-cc82d2c54fe0,"Danse, rythme Ayyûb","['instrumental-only', 'rhythm: masmudi (4/4)']",NA,False,,,Taha Abû Mandûr,Egypt
CD 7/12. Taha Abû and his ensemble of oboes and drum - Suite,https://musicbrainz.org/recording/11ee9d61-cdfc-40dc-9a77-cb21bcc4170e,Suite,"['instrumental-only', 'rhythm: masmudi (4/4)']",NA,False,,,Taha Abû Mandûr,Egypt
CD 7/13. Taha Abû and his ensemble of oboes and drum - Danse bédouine,https://musicbrainz.org/recording/be1484ea-b172-4de1-97cd-a2d2b37facb3,Danse bédouine,"['instrumental-only', 'rhythm: (2/4)']",NA,False,,,Taha Abû Mandûr,Egypt
CD 7/14. Taha Abû and his ensemble of oboes and drum - Suite,https://musicbrainz.org/recording/47201505-18e4-419a-ad65-ea149390dd12,Suite,"['instrumental-only', 'rhythm: (2/4)']",NA,False,,,Taha Abû Mandûr,Egypt
"CD 7/15. Taha Abû and his ensemble of oboes and drum - Danse lente, rythme zarî",https://musicbrainz.org/recording/65fc6193-ce7f-4b3a-a83a-44266117c1cf,"Danse lente, rythme Zar'î","['instrumental-only', 'rhythm: zari (8/8)']",NA,False,,,Taha Abû Mandûr,Egypt
"CD 7/16. Taha Abû and his ensemble of oboes and drum - Pièce instrumentale, samâî",https://musicbrainz.org/recording/1c1415c7-b868-4c46-bed0-7563c6b38a9f,"Pièce instrumentale, samâ'î","['instrumental-only', 'mode: bayati', 'rhythm: samai thaqil (10/8)', 'tonic_secs: 28.1-28.8']",bayati,False,28.1-28.8,170.66,Taha Abû Mandûr,Egypt
"CD 7/17. Annûsa al-Misriyya and her ensemble of almeh - Tu es purifiant, ô brin de girofle",https://musicbrainz.org/recording/b234230f-53ca-4828-92a8-51f122aa57f9,"Tu es purifiant, ô Brin de Girofle",['vocal-only'],NA,True,,,Annûsa Al-Misriyya,Egypt
"CD 7/18. Annûsa al-Misriyya and her ensemble of almeh - Cette nuit, le henné",https://musicbrainz.org/recording/4c39104a-5f0d-4790-a994-f27df8c4427a,"Cette nuit, le henné",['vocal-only'],NA,True,,,Annûsa Al-Misriyya,Egypt
CD 7/19. Annûsa al-Misriyya and her ensemble of almeh - Toi qui apparais semblable à la pleine lune,https://musicbrainz.org/recording/b9c74916-b88d-476d-90ae-7f8c78c30780,Toi qui apparais semblable à la pleine lune,"['mode: nahawand', 'rhythm: zaffe (8/4)', 'vocal-only']",nahawand,True,,,Annûsa Al-Misriyya,Egypt
CD 7/20. Annûsa al-Misriyya and her ensemble of almeh - Observe de tes propres yeux,https://musicbrainz.org/recording/d990bc67-3461-4a09-8048-630269f5ad5c,Observe de tes propres yeux,['vocal-only'],NA,True,,,Annûsa Al-Misriyya,Egypt
"CD 8/01. Ô Mawlânâ, ami de la vérité",https://musicbrainz.org/recording/09eaa62f-1b7b-40eb-a306-f7590621f69a,"Ô Mawlânâ, ami de la vérité","['mode: rast', 'vocal-only']",rast,True,,,Mustafa Fahreddin Dede,Egypt
CD 8/02. Suite,https://musicbrainz.org/recording/bcfaebd0-3291-4f56-ae4a-b8205bf3e16e,Suite,"['mode: rast', 'vocal-only']",rast,True,,,Mustafa Fahreddin Dede,Egypt
"CD 8/03. Improvisation non mesurée, nay",https://musicbrainz.org/recording/36c9cf02-b495-45e5-91e1-b25adaf40db2,"Improvisation non mesurée, Nay","['instrumental-only', 'mode: bayati', 'tonic_secs: 1.4-2.4']",bayati,False,1.4-2.4,163.15,Mustafa Fahreddin Dede,Egypt
"CD 8/04. Pièce instrumentale, bashraf",https://musicbrainz.org/recording/d46a0df0-65d7-4adb-b06f-6a6e5ee1ab7f,"Pièce instrumentale, Bashraf","['instrumental-only', 'mode: bayati', 'rhythm: dawr kabir mawlawi (14/2)']",bayati,False,,144.42,Mustafa Fahreddin Dede,Egypt
CD 8/05. Le premier salut,https://musicbrainz.org/recording/24881620-d481-4104-bab8-296979da9595,Le premier salut,"['mode: bayati', 'mode: isfahan', 'mode: saba', 'rhythm: dawr rawan mawlawi (14/8)']",saba,False,,,Mustafa Fahreddin Dede,Egypt
CD 8/06. Le deuxième salut,https://musicbrainz.org/recording/245e8c07-431f-4fc8-aa17-3229af85b08d,Le deuxième salut,"['mode: bayati', 'mode: isfahan', 'rhythm: dawr rawan mawlawi (14/8)']",isfahan,False,,,Mustafa Fahreddin Dede,Egypt
CD 8/07. Suite,https://musicbrainz.org/recording/8e71df7c-8f43-4c2a-94b6-51c4c8f9ebfe,Suite,"['mode: bayati', 'mode: isfahan', 'rhythm: dawr rawan mawlawi (14/8)']",isfahan,False,,,Mustafa Fahreddin Dede,Egypt
CD 8/08. Le troisième salut,https://musicbrainz.org/recording/debb3ef6-f46b-45a5-864b-f6c7f948fcf5,Le troisième salut,"['mode: bayati', 'rhythm: dawr kabir mawlawi (14/4)', 'tonic_secs: 40.0-40.6']",bayati,False,40.0-40.6,162.11,Mustafa Fahreddin Dede,Egypt
CD 8/09. Suite,https://musicbrainz.org/recording/c1609150-eb81-4ed0-8644-e3f63841d01d,Suite,"['mode: ajam ushayran', 'mode: bayati', 'mode: saba', 'rhythm: yuruk samai (6/8)']",saba,False,,,Mustafa Fahreddin Dede,Egypt
CD 8/10. Le bas monde a été illuminé,https://musicbrainz.org/recording/3d0949ae-9906-45af-9a97-d1b16f3b9987,Le bas monde a été illuminé,"['mode: ajam', 'mode: hijaz', 'rhythm: yuruk samai (6/8)']",hijaz,False,,,Mustafa Fahreddin Dede,Egypt
CD 8/11. Le quatrième salut,https://musicbrainz.org/recording/c89ac166-c232-4755-8a1f-c0b5c35360b6,Le quatrième salut,"['mode: udhdhal', 'rhythm: awfar mawlawi (9/4)', 'rhythm: du yek (8/4)']",udhdhal,False,,,Mustafa Fahreddin Dede,Egypt
"CD 8/12. Pièce instrumentale finale, bashraf",https://musicbrainz.org/recording/e31130a7-116a-40d6-a779-1f9e857791df,"Pièce instrumentale finale, Bashraf","['instrumental-only', 'mode: hijaz', 'mode: udhdhal', 'rhythm: du yek (8/4)', 'rhythm: yuruk samai (6/8)']",udhdhal,False,,,Mustafa Fahreddin Dede,Egypt
"CD 8/13. Improvisation de conclusion, nay",https://musicbrainz.org/recording/fe2321f3-b4ec-44c1-94bc-d0b056bdf468,"Improvisation de conclusion, Nay",['instrumental-only'],NA,False,,,Mustafa Fahreddin Dede,Egypt
CD 8/14. Hymne au fils de Mawlânâ,https://musicbrainz.org/recording/3c2a3893-cbb9-4bf9-8165-436bd54961f1,Hymne au fils de Mawlânâ,"['mode: iraq', 'rhythm dawr rawan mawlawi (14/8)']",iraq,False,,,Mustafa Fahreddin Dede,Egypt
CD 8/15. Prière commune des Mawlawî,https://musicbrainz.org/recording/57301574-2528-4094-b93e-50860f2d57f3,Prière commune des Mawlawî,"['mode: farahnak', 'rhythm: (6/8)']",farahnak,False,,,Mustafa Fahreddin Dede,Egypt
"CD 9/01. The Laythiyya order - Ô Dieu, par lAmi très cher, Muhammad",https://musicbrainz.org/recording/ca13aba9-9cfe-446e-8d27-25267586106e,"Ô Dieu, par l'ami très cher, muhammad",['vocal-only'],NA,True,,,La Confrérie Laythiyya,Egypt
CD 9/02. The Laythiyya order - Le seuil de ton sanctuaire est le but,https://musicbrainz.org/recording/d4dd9084-5457-4191-bb28-80e6c2e1fc95,Le seuil de ton sanctuaire est le but / Est-ce que la flamme de Laylâ ?,['vocal-only'],NA,True,,,La Confrérie Laythiyya,Egypt
CD 9/03. The Laythiyya order - Les âmes de Numân ne sont-elles quun souffle,https://musicbrainz.org/recording/0ac744ca-8f2e-42db-b2bd-f8c2ffe994d8,Les âmes de nu'Mân ne sont-elles qu'un souffle ?,['vocal-only'],NA,True,,,La Confrérie Laythiyya,Egypt
CD 9/04. The Laythiyya order - Ô chamelier,https://musicbrainz.org/recording/7e43fcaa-d277-4ec2-b3e7-e7bbe95a807d,Ô chamelier,['vocal-only'],NA,True,,,La Confrérie Laythiyya,Egypt
CD 9/05. The Laythiyya order - Accours te réfugier au sanctuaire,https://musicbrainz.org/recording/d448bfa6-bd12-4ae8-8af4-1b5fedfd449f,Accours te réfugier au sanctuaire,['vocal-only'],NA,True,,,La Confrérie Laythiyya,Egypt
CD 9/06. The Laythiyya order - Je tai supplié au nom de Dieu,https://musicbrainz.org/recording/72f2129a-98ad-47a6-ab6d-5ce5f3553e5f,Je t'ai supplié au nom de Dieu,['vocal-only'],NA,True,,,La Confrérie Laythiyya,Egypt
"CD 9/07. The Laythiyya order - Secours-nous, aide-nous à comprendre",https://musicbrainz.org/recording/e2b058b1-9c7a-4014-911e-ff4fdc13d7d1,"Secours-nous, aide-nous à comprendre / Ô vent de l'est, transmets-leur mon salut",['vocal-only'],NA,True,,,La Confrérie Laythiyya,Egypt
CD 9/08. The Laythiyya order - Suite,https://musicbrainz.org/recording/7b81d11e-fb6f-465f-ba29-d2937f80a924,Suite,['vocal-only'],NA,True,,,La Confrérie Laythiyya,Egypt
CD 9/09. The Laythiyya order - Mon amour pour toi ma fait citer en exemple,https://musicbrainz.org/recording/4fba5c28-f106-44eb-a7d9-bb2e06114c0c,Mon amour pour toi m'a fait citer en exemple / Un amour ayant enduré de la peine / Consacre-toi à Dieu,['vocal-only'],NA,True,,,La Confrérie Laythiyya,Egypt
CD 9/10. The Laythiyya order - Recommande notre secours aux buveurs des tavernes,https://musicbrainz.org/recording/218b8c5f-9640-4a9e-bef2-f7af619c195c,Recommande notre secours aux buveurs des tavernes / Qui donc a enseigné ? / Ô inconscient,['vocal-only'],NA,True,,,La Confrérie Laythiyya,Egypt
CD 9/11. Ensemble of Umm Ibrâhîm al-Mahdiyya - Ô Mère  Ô Sultân ,https://musicbrainz.org/recording/c70b6be8-a5b0-48c3-9288-9a0468e42262,Ô mère ! ô Sultân !,['vocal-only'],NA,True,,,Umm Ibrâhîm Al-Mahdiyya,Egypt
CD 9/12. Ensemble of Umm Ibrâhîm al-Mahdiyya - Rûmînajdî,https://musicbrainz.org/recording/81f5d5c5-c858-413d-b99e-d1a433694b53,Rûmînajdî,['vocal-only'],NA,True,,,Umm Ibrâhîm Al-Mahdiyya,Egypt
CD 9/13. Ensemble of Fâtima al-Shâmiyya - Le cortège de la tanbûra,https://musicbrainz.org/recording/1fc9057c-0e59-408e-9233-3e4538389225,Le cortège de la Tanburâ,No tags found for this recording.,NA,False,,,Fâtima Al-Shâmiyya,Egypt
CD 9/14. Ensemble of Fâtima al-Shâmiyya - LHomme au miroir,https://musicbrainz.org/recording/7a45023d-0b32-4abf-90e7-befe8d473ecb,L'homme au miroir,No tags found for this recording.,NA,False,,,Fâtima Al-Shâmiyya,Egypt
