filename,maqam,duration_min,voiced_frames
bayat--Ali_Jihad_Racy--Simon_Shaheen_‎–_Taqasim__Improvisation_In_Arabic_Music--02_Maqam_Bayati,bayat,8.92,39445
bayat--Ehsan_Emam--Bein_Al-Nahrain--Raqs_Al-Mahaba_(Bayat),bayat,4.58,21955
bayat--George_Abyad--Taksims_Oud--Bayati_(7M_39S),bayat,7.66,36001
bayat--Ghassan_Bashir--Taqasim--Bayati.mp3,bayat,8.21,33645
bayat--Jamil_Bashir--unknown_album--Taqsim_Bayat,bayat,3.56,15860
bayat--Mohammad_al-Qasabji--Taqasim--Taqsim_Bayat,bayat,3.16,12438
bayat--Mohammad_al-Qasabji--Various--Taqsim_bayat--1930,bayat,2.97,10821
bayat--Munir_Bashir-Art_of_the_Ud-08_Taqsim_en_Maqam__Dasht,bayat,5.24,23963
bayat--Riyadh_Al-Sunbati--Maqamat--Taqaseem_Bayati,bayat,4.87,21275
bayat--unknown_artist--Un_Voyage_Avec_Le_Oud_Arabe_1--09_Taqsim_Bayyati_(Gramophone),bayat,2.95,12404
bayat--unknown_artist--Un_Voyage_Avec_Le_Oud_Arabe_1--18_Taqsim_Bayyati_(Baida),bayat,3.11,10981
bayat--unknown_artist--Un_Voyage_Avec_Le_Oud_Arabe_1--23_Taqsim_Shadd_Urban_(Odeon),bayat,3.11,11435
bayat--unknown_artist--Un_Voyage_Avec_Le_Oud_Arabe_2--01_Taqsim_Bayyati,bayat,2.99,12006
bayat--unknown_artist--Un_Voyage_Avec_Le_Oud_Arabe_2--07_Taqsim_Bayyati_(Baidaphon),bayat,5.34,21551
bayat--unknown_artist--Un_Voyage_Avec_Le_Oud_Arabe_2--13_Taqsim_Shuri_(Colombia),bayat,2.77,12186
bayat--unknown_artist--Un_Voyage_Avec_Le_Oud_Arabe_2--19_Taqsim_Bayyati_(Sodwa),bayat,3.37,13477
bayat--unknown_artist--Un_Voyage_Avec_Le_Oud_Arabe_2--20_Taqsim_Bayyati_Al-Nawa_(Alam_Phone),bayat,3.22,14448
hijaz--Farid_Ghosn--Taqasim--hijaz--Taksim-16227,hijaz,3.5,12807
hijaz--Farid_Ghosn--unkonwn_album--Taksim_Hijaz,hijaz,5.73,18935
hijaz--George_Abyad--Taksims_Oud--Shat_Araban_(8M_33S),hijaz,8.56,40154
hijaz--George_Abyad--Taksims_Oud--hijaz--(8M_43S),hijaz,8.73,40540
hijaz--Ghassan_Bashir--Taqasim--hijaz--Rast_Bayat.mp3,hijaz,7.18,31022
hijaz--Jamil_Bashir--unknown_album--Song_in_Hijaz,hijaz,2.46,10304
hijaz--Omar_Naqichbendi--Luth_Traditionnel_Ud_Syrie--Hijaz-Nawa,hijaz,6.54,29784
hijaz--unknown_artist--Un_Voyage_Avec_Le_Oud_Arabe_1--10_Taqsim-S_hijaz--(Gramophone),hijaz,3.23,13246
hijaz--unknown_artist--Un_Voyage_Avec_Le_Oud_Arabe_1--17_Taqsim_hijaz--(Baida),hijaz,3.57,13551
hijaz--unknown_artist--Un_Voyage_Avec_Le_Oud_Arabe_1--19_Taqsim_Hijaz,hijaz,7.21,28990
hijaz--unknown_artist--Un_Voyage_Avec_Le_Oud_Arabe_2--18_Taqsim_Hijaz_(_Sodwa),hijaz,3.52,14593
hijazkar--Ehsan_Emam--Bein_Al-Nahrain--Taqasim_Hijaz_Kar,hijaz,4.8,20924
hijazkar--Mohammad_al-Qasabji--Various--Taqsim_Hijaz_Kar,hijaz,29.4,100879
hijazkar--Mohammad_al-Qasabji--Various--Taqsim_Hijaz_Kar_1929,hijaz,3.35,12299
hijazkar--Munir_Bashir-Art_of_the_Ud-03_Taqsim_en_Maqam__Hijaz_Kar_Kurd,hijaz,3.67,16252
hijazkar--Riyadh_Al-Sunbati--Maqamat--Taqaseem_Hijaz_Kar,hijaz,5.66,25378
hijazkar--unknown_artist--Un_Voyage_Avec_Le_Oud_Arabe_1--04_Taqsim_Hijaz_Kar_(Odeon),hijaz,3.53,15317
hijazkar--unknown_artist--Un_Voyage_Avec_Le_Oud_Arabe_1--13_Taqsim_Hijaz_Kar_Ala_L-Wahda_(Gramophone),hijaz,3.28,13837
hijazkar--unknown_artist--Un_Voyage_Avec_Le_Oud_Arabe_2--08_Taqsim_Hijaz_Kar_Kurd,hijaz,3.21,12721
kurd--Afif_Taian--Various--Sama_i_Hijaz_Kar_kurd--Tatyos_Afendi,kurd,5.41,19859
kurd--Ali_Jihad_Racy--Simon_Shaheen_‎–_Taqasim__Improvisation_In_Arabic_Music--01_Maqam_Kurd.m4a,kurd,20.43,87379
kurd--George_Michele--Various--Taqsim_Hijaz_Kar_Kurd,kurd,3.56,15822
kurd--Jamil_Bashir--unknown_album--Longa_Hijaz_Kar_kurd--Sboukh_Afendi,kurd,2.88,13240
kurd--Mohammad_al-Qasabji--Various--Taqsim_Hijaz_Kar_kurd--1939,kurd,2.84,11572
kurd--Munir_Bashir-Art_of_the_Ud-06_Taqsim_en_Maqam__Kurdi,kurd,4.47,19229
kurd--Riyadh_Al-Sunbati--Maqamat--Taqaseem_Kurd,kurd,4.89,22205
kurd--Taqasim_Kurdlihejazkar_Qasabji.mp3,kurd,2.51,9807
nahawand--Ali_Jihad_Racy--Simon_Shaheen_‎–_Taqasim__Improvisation_In_Arabic_Music--03_Maqam_Nahawand,nahawand,13.3,58232
nahawand--Ehsan_Emam--Bein_Al-Nahrain--Bedayat_Hob_(Nahawand),nahawand,4.8,20395
nahawand--Ehsan_Emam--Bein_Al-Nahrain--Bein_Al-Nahrain_(Nahawand),nahawand,8.64,37441
nahawand--Farid_Ghosn--unkonwn_album--Taksim_Nahawand.mp3,nahawand,3.82,16029
nahawand--George_Abyad--Taksims_Oud--nahawand--(8M_32S),nahawand,8.54,41820
nahawand--Jamil_Bashir--unknown_album--Sama_i_nahawand--Mas_ud_Jamil_Bek,nahawand,6.05,25517
nahawand--Jamil_Bashir--unknown_album--Samai_nahawand--Jamil_Bashir,nahawand,8.68,30754
nahawand--Jamil_Ghanim--Luth_Au_Yemen_Classique_Ud--Reveries_en_Nihawand_en_Fa,nahawand,19.37,79968
nahawand--Mohammad_al-Qasabji--Taqasim--Taqsim_Nahawand,nahawand,5.78,21726
nahawand--Mohammad_al-Qasabji--Various--Taqsim_nahawand--1926,nahawand,3.21,12489
nahawand--Munir_Bashir-Art_of_the_Ud-01_Taqsim_en_Maqam__Nahawand-Kabir,nahawand,9.58,40711
nahawand--Omar_Naqichbendi--Luth_Traditionnel_Ud_Syrie--Nahawand,nahawand,7.98,36952
nahawand--Riyadh_Al-Sunbati--Maqamat--Taqaseem_Nahawand,nahawand,5.85,27245
nahawand--Taqasim_nahawand--Qasabji.mp3,nahawand,2.77,10282
nahawand--unknown_artist--Un_Voyage_Avec_Le_Oud_Arabe_1--20_Taqsim_nahawand--(Polyphon),nahawand,3.46,14778
nahawand--unknown_artist--Un_Voyage_Avec_Le_Oud_Arabe_1--21_Samai_nahawand--(Polyphon),nahawand,3.23,13791
nahawand--unknown_artist--Un_Voyage_Avec_Le_Oud_Arabe_2--10_Taqsim_Nahawand_(Baida),nahawand,3.4,13625
nahawand--unknown_artist--Un_Voyage_Avec_Le_Oud_Arabe_2--23_Taqsim_Nahawand_Wahda_(Decca),nahawand,3.34,13935
rast--Abd_al-Mon_em__Arafa--Various--Taqsim_Rast,rast,5.39,21427
rast--Ehsan_Emam--Bein_Al-Nahrain--Taqasim_Rast,rast,4.31,19629
rast--Farid_Ghosn--Taqasim--Taqsim_Rast,rast,7.3,23786
rast--George_Abyad--Taksims_Oud--rast--(8M_18S),rast,8.3,38970
rast--Jamil_Bashir--unknown_album--Sama_i_Rast,rast,4.42,20410
rast--Jamil_Bashir--unknown_album--Taqsim_Nahawand_rast--Ya_Shadi_l_Alhan,rast,11.48,46690
rast--Mohammad_al-Qasabji--Taqasim--Taqsim_Rast,rast,7.01,27487
rast--Mohammad_al-Qasabji--Various--Oud_Taqsim--1962,rast,11.39,39912
rast--Mohammad_al-Qasabji--Various--Samai_Rast,rast,4.44,16723
rast--Mohammad_al-Qasabji--Various--Samai_rast--v2,rast,2.5,4368
rast--Munir_Bashir-Art_of_the_Ud-02_Taqsim_en_Maqam__Rast,rast,6.54,27322
rast--Omar_Naqichbendi--Luth_Traditionnel_Ud_Syrie--Rast,rast,6.87,32511
rast--Rawhi_Al-Khammash--unknown_album--Taqsim_Rast,rast,6.17,26761
rast--Riyadh_Al-Sunbati--Maqamat--Taqaseem_Rast,rast,6.05,27463
rast--unknown_artist--Un_Voyage_Avec_Le_Oud_Arabe_1--02_Qadd_Al-Rasd_Bashraf_(Odeon),rast,2.61,11587
rast--unknown_artist--Un_Voyage_Avec_Le_Oud_Arabe_1--03_Taqsim_Rasd_(Odeon),rast,1.11,4238
rast--unknown_artist--Un_Voyage_Avec_Le_Oud_Arabe_1--05_Taqsim_Suznak_(Orfeon),rast,3.26,14210
rast--unknown_artist--Un_Voyage_Avec_Le_Oud_Arabe_1--11_Taqsim_Us_Rasd_(Baida),rast,3.85,16150
rast--unknown_artist--Un_Voyage_Avec_Le_Oud_Arabe_1--16_Taqsim_Rasd_(Fabrik_Mechian),rast,3.42,11655
rast--unknown_artist--Un_Voyage_Avec_Le_Oud_Arabe_1--22_Taqsim_Rasd_(Odeon),rast,3.72,14119
rast--unknown_artist--Un_Voyage_Avec_Le_Oud_Arabe_2--04_Taqsim_Rasd_(Baidaphon),rast,3.94,17466
rast--unknown_artist--Un_Voyage_Avec_Le_Oud_Arabe_2--09_Taqsim_Rasd_(Baida),rast,2.86,11525
rast--unknown_artist--Un_Voyage_Avec_Le_Oud_Arabe_2--14_Taqsim_Rasd_(Colombia),rast,2.8,11662
rast--unknown_artist--Un_Voyage_Avec_Le_Oud_Arabe_2--17_Taqsim_Rasd_(Mechian),rast,3.28,13978
saba--Ehsan_Emam--Bein_Al-Nahrain--Taqasim_Saba,saba,4.03,19238
saba--Mohammad_al-Qasabji--Various--Taqsim_saba--1930,saba,2.71,10611
saba--Omar_Naqichbendi--Luth_Traditionnel_Ud_Syrie--Saba-Husayni,saba,7.23,33111
saba--unknown_artist----Un_Voyage_Avec_Le_Oud_Arabe_1--14_Taqsim_saba--(Odeon),saba,2.96,12373
saba--unknown_artist--Un_Voyage_Avec_Le_Oud_Arabe_2--06_Taqsim_Saba_(Baidaphon),saba,5.94,26392
segah--George_Abyad--Taksims_Oud--Houzam_(6M_38S),segah,6.64,32202
segah--Mohammad_Qadri_Dallal--Maqamat_insolites--Maqam_bastah_nikar,segah,10.41,50286
segah--Mohammad_Qadri_Dallal--Maqamat_insolites--Maqam_huzam,segah,5.32,25001
segah--Munir_Bashir-Art_of_the_Ud-04_Taqsim_en_Maqam__Awj,segah,3.11,13069
segah--Omar_Naqichbendi--Luth_Traditionnel_Ud_Syrie--Sikah-Huzam,segah,5.46,25875
segah--Omar_Naqichbendi--Luth_Traditionnel_Ud_Syrie--Sikah-Iraq,segah,6.21,29059
segah--Riyadh_Al-Sunbati--Maqamat--Taqaseem_Sika,segah,5.16,23608
segah--unknown_artist--Un_Voyage_Avec_Le_Oud_Arabe_1--08_Bashraf_Qarbatak_Sikah_(Gramophone_HMV),segah,6.39,23603
segah--unknown_artist--Un_Voyage_Avec_Le_Oud_Arabe_1--12_Taqasim_Iraq,segah,3.07,11865
segah--unknown_artist--Un_Voyage_Avec_Le_Oud_Arabe_2--03_Taqsim_Sikah_(Odeon),segah,3.04,13013
segah--unknown_artist--Un_Voyage_Avec_Le_Oud_Arabe_2--05_Taqsim_Muhayyar_Iraq_(Baidaphon),segah,3.5,15990
segah--unknown_artist--Un_Voyage_Avec_Le_Oud_Arabe_2--16_Taqsim_Sikah_(Colombia),segah,3.33,15540
segah--unknown_artist--Un_Voyage_Avec_Le_Oud_Arabe_2--21_Taqsim_Sikah_(Salem_Phone),segah,3.18,13459
